Time Step,Label Index,Name (NA),Voxel count,Volume (nmÂ³),Aspect Ratio,Center Of Mass Index Z,Feret Min (nm),Feret Mean (nm),Feret Max (nm),Feret Min Ortho (nm),Feret Min Ortho/Max,3D Solidity (voxel-wise),Sphericity,Cross-Indexing,Center Of Mass Index Z_Sorted,Cell class_Sorted,,Name (NA)_SIMPLIFIED-NAME,Name (NA) (from 251215-airway-measurements.xlsx),Cell class,Label Index,Center Of Mass Index Z,,,MEDIAN MFD,MEDIAN SPHERICITY,MFD Range,,MATCHED_Elli.R1/R2,MATCHED_Elli.R1/R3,MATCHED_Elli.R2/R3
0,1,251214-DSM-Airway-s0-v19-ROI-193,18,18000,1.533690455,525,29.99968274,45.47769119,48.98878308,40.11729169,0.8189077,0.8125,0.954779311,18,524,MD,,251214-DSM-Airway-s0-v19-ROI-10,251214-DSM-Airway-s0-v19 ROI 10,MT,201,296,,DT,144.7928247,0.835337788,91.0880152821704 - 195.188695070978,,1.236,1.535,1.242
0,2,251214-DSM-Airway-s0-v19-ROI-46,23,23000,3.011898681,505,29.99968274,60.21934001,67.81508893,33.12196641,0.488415881,0.804347826,0.77674297,165,499,MM,,251214-DSM-Airway-s0-v19-ROI-100,251214-DSM-Airway-s0-v19 ROI 100,MG,111,375,,MD,115.0793641,0.882796667,48.9887830775064 - 305.891537965143,,1.757,2.94,1.673
0,3,251214-DSM-Airway-s0-v19-ROI-187,26,26000,1.703973295,389,30.0000238,51.68845689,57.44546668,36.3417128,0.632629777,0.842105263,0.953140114,24,388,MM,,251214-DSM-Airway-s0-v19-ROI-101,251214-DSM-Airway-s0-v19 ROI 101,MG,110,361,,MG,126.2842249,0.864687063,64.0062077969348 - 420.188005906189,,1.533,1.56,1.017
0,4,251214-DSM-Airway-s0-v19-ROI-187,31,31000,2.41049406,388,30.0000238,63.23273076,73.48373156,36.33254001,0.494429709,0.843137255,0.809134065,24,388,MM,,251214-DSM-Airway-s0-v19-ROI-102,251214-DSM-Airway-s0-v19 ROI 102,MG,109,355,,MM,118.7274217,0.86707481,57.4454666758611 - 460.997201692936,,1.462,2.661,1.82
0,5,251214-DSM-Airway-s0-v19-ROI-160,34,34000,1.726133359,516,35.35496516,51.15215652,64.0062078,38.1865825,0.596607483,0.886363636,0.956124859,51,517,MG,,251214-DSM-Airway-s0-v19-ROI-103,251214-DSM-Airway-s0-v19 ROI 103,MM,108,352,,MT,141.9486404,0.835538862,73.4653944758482 - 330.000034409749,,1.325,1.716,1.295
0,6,251214-DSM-Airway-s0-v19-ROI-76,38,38000,2.170873507,442,30.00013749,63.76002558,69.99677611,39.19819819,0.560000051,0.839285714,0.882730665,135,442,MM,,251214-DSM-Airway-s0-v19-ROI-104,251214-DSM-Airway-s0-v19 ROI 104,MM,107,443,,Combined,124.2730548,0.863676151,48.9887830775064 - 460.997201692936,,1.427,2.26,1.584
0,7,251214-DSM-Airway-s0-v19-ROI-157,39,39000,2.241920042,525,39.99957698,59.34483508,72.10049467,40.67724437,0.564174276,0.836065574,0.799897106,54,527,MG,,251214-DSM-Airway-s0-v19-ROI-105,251214-DSM-Airway-s0-v19 ROI 105,MM,106,355,,,,,,,1.555,2.147,1.381
0,8,251214-DSM-Airway-s0-v19-ROI-170,39,39000,2.590667798,546,30.00059223,61.44750277,72.78327113,39.45191158,0.54204642,0.827586207,0.846245374,41,544,MD,,251214-DSM-Airway-s0-v19-ROI-106,251214-DSM-Airway-s0-v19 ROI 106,MM,105,392,,,,,,,1.79,2.268,1.267
0,9,251214-DSM-Airway-s0-v19-ROI-44,43,43000,2.527748877,494,36.78550566,66.99453225,83.61408935,40.17070581,0.480429867,0.85,0.829918774,167,492,MD,,251214-DSM-Airway-s0-v19-ROI-107,251214-DSM-Airway-s0-v19 ROI 107,MM,104,363,,,,,,,1.714,2.294,1.338
0,10,251214-DSM-Airway-s0-v19-ROI-184,44,44000,1.679097219,499,40.00003173,54.15156062,67.04842223,44.79355873,0.668077745,0.924528302,0.900570847,27,499,MM,,251214-DSM-Airway-s0-v19-ROI-108,251214-DSM-Airway-s0-v19 ROI 108,MM,103,387,,,,,,,1.24,1.734,1.398
0,11,251214-DSM-Airway-s0-v19-ROI-74,46,46000,3.006926368,413,40.00003173,70.98584044,85.43948411,41.17981824,0.481976438,0.830769231,0.846472613,137,413,MM,,251214-DSM-Airway-s0-v19-ROI-109,251214-DSM-Airway-s0-v19 ROI 109,MM,102,398,,,,,,,2.074,2.375,1.145
0,12,251214-DSM-Airway-s0-v19-ROI-89,46,46000,1.651403731,485,40.00003173,56.68209843,67.08136887,48.31661973,0.72026884,0.93877551,0.949608141,122,485,MM,,251214-DSM-Airway-s0-v19-ROI-11,251214-DSM-Airway-s0-v19 ROI 11,MT,200,298,,,,,,,1.406,1.57,1.116
0,13,251214-DSM-Airway-s0-v19-ROI-169,49,49000,1.572518324,536,39.99957698,59.44565594,64.79609925,46.66188535,0.720134173,0.862068966,0.936568557,42,535,MD,,251214-DSM-Airway-s0-v19-ROI-110,251214-DSM-Airway-s0-v19 ROI 110,MM,101,404,,,,,,,1.343,1.518,1.131
0,14,251214-DSM-Airway-s0-v19-ROI-188,50,50000,2.14593395,384,40.00003173,68.02881059,78.09488223,40.29021098,0.515913589,0.897058824,0.806169506,23,384,MM,,251214-DSM-Airway-s0-v19-ROI-111,251214-DSM-Airway-s0-v19 ROI 111,MM,100,417,,,,,,,1.463,2.15,1.47
0,15,251214-DSM-Airway-s0-v19-ROI-194,53,53000,1.976706636,285,30.00013749,63.97616971,78.08006216,39.17212088,0.501691723,0.931034483,0.87129959,17,286,MM,,251214-DSM-Airway-s0-v19-ROI-112,251214-DSM-Airway-s0-v19 ROI 112,MM,99,432,,,,,,,1.199,2.484,2.073
0,16,251214-DSM-Airway-s0-v19-ROI-184,54,54000,3.592926935,498,40.00003173,74.93976414,94.84217731,44.88160348,0.473224095,0.846153846,0.757678794,27,499,MM,,251214-DSM-Airway-s0-v19-ROI-113,251214-DSM-Airway-s0-v19 ROI 113,MM,98,453,,,,,,,2.412,2.546,1.055
0,17,251214-DSM-Airway-s0-v19-ROI-190,54,54000,1.934517198,334,39.99991804,67.2503053,74.82406002,40.88531868,0.546419409,0.885245902,0.926768951,21,333,MM,,251214-DSM-Airway-s0-v19-ROI-114,251214-DSM-Airway-s0-v19 ROI 114,MM,97,451,,,,,,,1.559,1.773,1.138
0,18,251214-DSM-Airway-s0-v19-ROI-74,56,56000,3.259365874,413,44.35000099,66.40006413,86.01852261,50.73486619,0.589813271,0.819277108,0.748986925,137,413,MM,,251214-DSM-Airway-s0-v19-ROI-115,251214-DSM-Airway-s0-v19 ROI 115,MM,96,491,,,,,,,2.176,2.497,1.147
0,19,251214-DSM-Airway-s0-v19-ROI-190,56,56000,2.841431799,332,42.4266013,75.74514495,94.84200625,45.95035179,0.484493671,0.866666667,0.795366769,21,333,MM,,251214-DSM-Airway-s0-v19-ROI-116,251214-DSM-Airway-s0-v19 ROI 116,MM,95,505,,,,,,,2.075,2.228,1.074
0,20,251214-DSM-Airway-s0-v19-ROI-203,57,57000,1.853569239,466,45.03645942,63.17490675,73.46539448,53.88798918,0.733515277,0.857142857,0.837195802,8,465,MT,,251214-DSM-Airway-s0-v19-ROI-117,251214-DSM-Airway-s0-v19 ROI 117,MM,94,540,,,,,,,1.549,1.696,1.095
0,21,251214-DSM-Airway-s0-v19-ROI-166,60,60000,1.711810924,667,42.4266013,65.03584105,76.75238882,48.97061824,0.638033799,0.805555556,0.910093178,45,667,MD,,251214-DSM-Airway-s0-v19-ROI-118,251214-DSM-Airway-s0-v19 ROI 118,MM,93,554,,,,,,,1.324,1.697,1.282
0,22,251214-DSM-Airway-s0-v19-ROI-208,60,60000,1.567249367,540,40.00003173,64.93149014,72.78315694,52.3167282,0.718802679,0.897058824,0.922967739,3,538,MM,,251214-DSM-Airway-s0-v19-ROI-119,251214-DSM-Airway-s0-v19 ROI 119,MM,92,315,,,,,,,1.249,1.569,1.256
0,23,251214-DSM-Airway-s0-v19-ROI-193,62,62000,1.709594719,524,47.33655324,66.80425837,74.82442288,50.65578856,0.676995379,0.898550725,0.886190483,18,524,MD,,251214-DSM-Airway-s0-v19-ROI-12,251214-DSM-Airway-s0-v19 ROI 12,MT,199,328,,,,,,,1.225,1.801,1.47
0,24,251214-DSM-Airway-s0-v19-ROI-106,62,62000,4.984525033,391,40.00003173,80.55133332,103.4406193,44.83926692,0.43347833,0.804347826,0.783411486,105,392,MM,,251214-DSM-Airway-s0-v19-ROI-120,251214-DSM-Airway-s0-v19 ROI 120,MG,91,532,,,,,,,2.589,3.507,1.355
0,25,251214-DSM-Airway-s0-v19-ROI-71,62,62000,1.912400917,327,40.00003173,66.30077973,74.8241195,49.87564996,0.666571826,0.847222222,0.908116846,140,326,MM,,251214-DSM-Airway-s0-v19-ROI-121,251214-DSM-Airway-s0-v19 ROI 121,MG,90,525,,,,,,,1.483,1.808,1.22
0,26,251214-DSM-Airway-s0-v19-ROI-89,63,63000,1.281767394,485,49.99992598,60.21237896,67.08154143,56.24666425,0.838481988,0.938461538,0.920017112,122,485,MM,,251214-DSM-Airway-s0-v19-ROI-122,251214-DSM-Airway-s0-v19 ROI 122,MG,89,522,,,,,,,1.202,1.262,1.05
0,27,251214-DSM-Airway-s0-v19-ROI-104,64,64000,2.145258778,443,39.00987905,72.57451715,83.64514464,47.25683474,0.564968056,0.915492958,0.863596033,107,443,MM,,251214-DSM-Airway-s0-v19-ROI-123,251214-DSM-Airway-s0-v19 ROI 123,MT,88,542,,,,,,,1.422,2.225,1.565
0,28,251214-DSM-Airway-s0-v19-ROI-169,64,64000,1.576755718,534,39.99957698,62.75827221,69.99658256,49.15121151,0.702194446,0.897058824,0.954547419,42,535,MD,,251214-DSM-Airway-s0-v19-ROI-124,251214-DSM-Airway-s0-v19 ROI 124,MG,87,349,,,,,,,1.343,1.518,1.131
0,29,251214-DSM-Airway-s0-v19-ROI-106,65,65000,1.997011261,392,40.00003173,70.55718789,83.63489197,47.31685574,0.565754969,0.8125,0.887355004,105,392,MM,,251214-DSM-Airway-s0-v19-ROI-125,251214-DSM-Airway-s0-v19 ROI 125,MG,86,330,,,,,,,1.443,1.957,1.356
0,30,251214-DSM-Airway-s0-v19-ROI-178,65,65000,2.263571693,451,30.00059223,61.80755337,72.79384461,42.97617905,0.590382048,0.944444444,0.8141326,33,450,MD,,251214-DSM-Airway-s0-v19-ROI-126,251214-DSM-Airway-s0-v19 ROI 126,MM,85,292,,,,,,,1.456,2.368,1.627
0,31,251214-DSM-Airway-s0-v19-ROI-186,68,68000,1.803671813,435,49.25501096,66.40823712,81.23929514,54.77489577,0.674241396,0.846153846,0.88467991,25,435,MM,,251214-DSM-Airway-s0-v19-ROI-127,251214-DSM-Airway-s0-v19 ROI 127,MG,84,287,,,,,,,1.455,1.705,1.172
0,32,251214-DSM-Airway-s0-v19-ROI-188,68,68000,2.871200949,384,40.00003173,82.89101582,94.33941708,43.36995507,0.459722525,0.858823529,0.83743298,23,384,MM,,251214-DSM-Airway-s0-v19-ROI-128,251214-DSM-Airway-s0-v19 ROI 128,MM,83,576,,,,,,,1.9,2.441,1.284
0,33,251214-DSM-Airway-s0-v19-ROI-195,69,69000,1.720649388,698,49.49799628,68.54563586,83.63528973,51.0512952,0.610403759,0.901234568,0.850671955,16,696,MD,,251214-DSM-Airway-s0-v19-ROI-129,251214-DSM-Airway-s0-v19 ROI 129,MG,82,387,,,,,,,1.197,1.861,1.556
0,34,251214-DSM-Airway-s0-v19-ROI-186,69,69000,1.513915376,434,40.00003173,70.19900927,80.594606,49.135044,0.609656731,0.866666667,0.890964539,25,435,MM,,251214-DSM-Airway-s0-v19-ROI-13,251214-DSM-Airway-s0-v19 ROI 13,MT,198,334,,,,,,,1.185,1.545,1.304
0,35,251214-DSM-Airway-s0-v19-ROI-68,70,70000,1.830422632,310,40.00003173,69.97229938,76.80416057,50.94711078,0.663337903,0.890410959,0.898705798,143,311,MM,,251214-DSM-Airway-s0-v19-ROI-130,251214-DSM-Airway-s0-v19 ROI 130,MG,81,542,,,,,,,1.481,1.716,1.159
0,36,251214-DSM-Airway-s0-v19-ROI-195,70,70000,1.78307145,694,47.33664047,67.33207008,78.72910409,58.3278946,0.740868263,0.914634146,0.820955032,16,696,MD,,251214-DSM-Airway-s0-v19-ROI-131,251214-DSM-Airway-s0-v19 ROI 131,MG,80,575,,,,,,,1.233,1.918,1.556
0,37,251214-DSM-Airway-s0-v19-ROI-158,70,70000,2.117736708,520,40.69255227,64.02436491,78.72956503,57.79229482,0.734060893,0.884615385,0.872353001,53,520,MG,,251214-DSM-Airway-s0-v19-ROI-132,251214-DSM-Airway-s0-v19 ROI 132,MG,79,577,,,,,,,1.375,2.277,1.656
0,38,251214-DSM-Airway-s0-v19-ROI-68,71,71000,1.793758842,312,40.00003173,72.99760851,78.73679472,48.81291183,0.619950456,0.907894737,0.864680897,143,311,MM,,251214-DSM-Airway-s0-v19-ROI-133,251214-DSM-Airway-s0-v19 ROI 133,MG,78,601,,,,,,,1.388,1.746,1.258
0,39,251214-DSM-Airway-s0-v19-ROI-168,71,71000,1.901171139,576,47.55637088,65.09207676,76.15758121,52.60180939,0.690696954,0.813953488,0.906986637,43,577,MD,,251214-DSM-Airway-s0-v19-ROI-134,251214-DSM-Airway-s0-v19 ROI 134,MG,77,606,,,,,,,1.434,1.839,1.282
0,40,251214-DSM-Airway-s0-v19-ROI-192,72,72000,1.681773091,394,49.99992598,66.67177267,78.72886658,57.07561608,0.72496428,0.86746988,0.85530846,19,394,MM,,251214-DSM-Airway-s0-v19-ROI-135,251214-DSM-Airway-s0-v19 ROI 135,MG,76,639,,,,,,,1.469,1.568,1.067
0,41,251214-DSM-Airway-s0-v19-ROI-76,72,72000,1.625333568,442,49.99992598,66.80042062,77.92126435,55.95449316,0.71809016,0.835294118,0.898423226,135,442,MM,,251214-DSM-Airway-s0-v19-ROI-136,251214-DSM-Airway-s0-v19 ROI 136,MG,75,640,,,,,,,1.207,1.688,1.398
0,42,251214-DSM-Airway-s0-v19-ROI-71,73,73000,1.860244872,326,49.24767637,72.4011778,83.64471578,49.85512424,0.596034355,0.932432432,0.897236056,140,326,MM,,251214-DSM-Airway-s0-v19-ROI-137,251214-DSM-Airway-s0-v19 ROI 137,MT,74,735,,,,,,,1.353,1.873,1.384
0,43,251214-DSM-Airway-s0-v19-ROI-164,73,73000,4.217766304,693,39.99957698,85.64841944,100.4934596,45.71423746,0.454897639,0.808080808,0.797370003,47,693,MD,,251214-DSM-Airway-s0-v19-ROI-138,251214-DSM-Airway-s0-v19 ROI 138,MT,73,657,,,,,,,2.487,2.965,1.192
0,44,251214-DSM-Airway-s0-v19-ROI-70,76,76000,1.763818391,511,49.49759434,78.05892422,87.7465124,52.90559078,0.602936679,0.806451613,0.872259895,141,510,MM,,251214-DSM-Airway-s0-v19-ROI-139,251214-DSM-Airway-s0-v19 ROI 139,MT,72,656,,,,,,,1.457,1.66,1.139
0,45,251214-DSM-Airway-s0-v19-ROI-180,77,77000,3.104380638,704,45.03645942,84.04531251,98.96826796,50.55329629,0.510803082,0.82,0.806118282,31,706,MD,,251214-DSM-Airway-s0-v19-ROI-14,251214-DSM-Airway-s0-v19 ROI 14,MT,197,349,,,,,,,2.074,2.466,1.189
0,46,251214-DSM-Airway-s0-v19-ROI-170,77,77000,3.645522861,543,47.75260767,72.78655434,106.2544126,48.5815656,0.457219276,0.815533981,0.786128228,41,544,MD,,251214-DSM-Airway-s0-v19-ROI-140,251214-DSM-Airway-s0-v19 ROI 140,MT,71,590,,,,,,,2.309,2.69,1.165
0,47,251214-DSM-Airway-s0-v19-ROI-185,78,78000,2.47340202,477,47.55587262,81.04749155,91.6398306,50.4391471,0.550406376,0.8125,0.811968398,26,477,MM,,251214-DSM-Airway-s0-v19-ROI-141,251214-DSM-Airway-s0-v19 ROI 141,MG,70,397,,,,,,,1.598,2.418,1.513
0,48,251214-DSM-Airway-s0-v19-ROI-178,79,79000,1.707809414,449,40.00003173,69.40607023,81.20936709,45.31807162,0.558039956,0.957746479,0.92531576,33,450,MD,,251214-DSM-Airway-s0-v19-ROI-142,251214-DSM-Airway-s0-v19 ROI 142,MM,69,608,,,,,,,1.327,1.69,1.274
0,49,251214-DSM-Airway-s0-v19-ROI-162,81,81000,1.813453732,539,49.99947123,75.07441644,83.0578199,52.98783686,0.637963252,0.793478261,0.882423452,49,536,MG,,251214-DSM-Airway-s0-v19-ROI-143,251214-DSM-Airway-s0-v19 ROI 143,MM,68,602,,,,,,,1.478,1.7,1.15
0,50,251214-DSM-Airway-s0-v19-ROI-185,81,81000,1.700789378,477,49.99992598,70.57287389,80.5091768,51.39410599,0.638363327,0.835051546,0.837773138,26,477,MM,,251214-DSM-Airway-s0-v19-ROI-144,251214-DSM-Airway-s0-v19 ROI 144,MM,67,646,,,,,,,1.174,1.86,1.584
0,51,251214-DSM-Airway-s0-v19-ROI-194,83,83000,1.782167097,287,47.16205758,73.37507407,87.73645712,54.94500511,0.626250557,0.890243902,0.874174033,17,286,MM,,251214-DSM-Airway-s0-v19-ROI-145,251214-DSM-Airway-s0-v19 ROI 145,MM,66,694,,,,,,,1.303,1.818,1.396
0,52,251214-DSM-Airway-s0-v19-ROI-165,84,84000,1.504892924,490,49.99992598,70.65565502,80.50985547,53.83041062,0.668618895,0.813186813,0.899563826,46,490,MM,,251214-DSM-Airway-s0-v19-ROI-146,251214-DSM-Airway-s0-v19 ROI 146,MM,65,535,,,,,,,1.129,1.579,1.399
0,53,251214-DSM-Airway-s0-v19-ROI-166,84,84000,1.464211007,667,50.00038072,68.93663363,81.23564937,53.64618819,0.660377416,0.891566265,0.867898587,45,667,MD,,251214-DSM-Airway-s0-v19-ROI-147,251214-DSM-Airway-s0-v19 ROI 147,MM,64,362,,,,,,,1.036,1.606,1.55
0,54,251214-DSM-Airway-s0-v19-ROI-149,84,84000,1.683189436,490,50.00038072,72.45664797,83.05740798,58.09870975,0.699500637,0.953488372,0.834787653,62,488,MD,,251214-DSM-Airway-s0-v19-ROI-148,251214-DSM-Airway-s0-v19 ROI 148,MM,63,364,,,,,,,1.407,1.603,1.14
0,55,251214-DSM-Airway-s0-v19-ROI-176,87,87000,1.633619254,565,49.99947123,74.76248902,87.73608823,58.79315227,0.670113672,0.882352941,0.908581826,35,566,MD,,251214-DSM-Airway-s0-v19-ROI-149,251214-DSM-Airway-s0-v19 ROI 149,MD,62,488,,,,,,,1.379,1.565,1.135
0,56,251214-DSM-Airway-s0-v19-ROI-168,88,88000,1.331120068,577,49.99947123,68.47713163,81.23463407,55.60418352,0.684488632,0.913580247,0.931377041,43,577,MD,,251214-DSM-Airway-s0-v19-ROI-15,251214-DSM-Airway-s0-v19 ROI 15,MT,196,346,,,,,,,1.094,1.356,1.24
0,57,251214-DSM-Airway-s0-v19-ROI-3,88,88000,1.312324493,406,59.99982022,67.59147126,76.75240844,63.0482444,0.82144972,0.872340426,0.871038746,208,410,MG,,251214-DSM-Airway-s0-v19-ROI-150,251214-DSM-Airway-s0-v19 ROI 150,MG,61,475,,,,,,,1.084,1.337,1.233
0,58,251214-DSM-Airway-s0-v19-ROI-44,88,88000,1.746576229,491,59.99982022,79.69058562,89.99610888,60.23257751,0.669279797,0.927835052,0.810393166,167,492,MD,,251214-DSM-Airway-s0-v19-ROI-151,251214-DSM-Airway-s0-v19 ROI 151,MG,60,500,,,,,,,1.521,1.606,1.055
0,59,251214-DSM-Airway-s0-v19-ROI-104,89,89000,1.85920441,443,40.00003173,77.84124596,89.99590921,55.25526947,0.613975346,0.905882353,0.927833982,107,443,MM,,251214-DSM-Airway-s0-v19-ROI-152,251214-DSM-Airway-s0-v19 ROI 152,MG,59,432,,,,,,,1.402,1.818,1.296
0,60,251214-DSM-Airway-s0-v19-ROI-158,91,91000,1.703373445,520,50.00038072,70.84413716,81.20976219,54.42988945,0.670238257,0.912087912,0.860720286,53,520,MG,,251214-DSM-Airway-s0-v19-ROI-153,251214-DSM-Airway-s0-v19 ROI 153,MG,58,424,,,,,,,1.311,1.698,1.296
0,61,251214-DSM-Airway-s0-v19-ROI-69,92,92000,1.757866783,312,50.00038072,74.02908567,86.59805253,61.39649792,0.708982432,0.892473118,0.890114775,142,314,MM,,251214-DSM-Airway-s0-v19-ROI-154,251214-DSM-Airway-s0-v19 ROI 154,MG,57,415,,,,,,,1.357,1.728,1.274
0,62,251214-DSM-Airway-s0-v19-ROI-203,92,92000,2.022706011,464,50.00003966,77.02324652,89.441811,51.57558021,0.576638371,0.796116505,0.87965938,8,465,MT,,251214-DSM-Airway-s0-v19-ROI-155,251214-DSM-Airway-s0-v19 ROI 155,MG,56,446,,,,,,,1.609,1.828,1.136
0,63,251214-DSM-Airway-s0-v19-ROI-196,95,95000,1.754449632,539,50.00038072,70.66260737,85.4311003,54.65734224,0.639782726,0.897727273,0.898615793,15,539,MM,,251214-DSM-Airway-s0-v19-ROI-156,251214-DSM-Airway-s0-v19 ROI 156,MG,55,440,,,,,,,1.459,1.649,1.13
0,64,251214-DSM-Airway-s0-v19-ROI-70,99,99000,1.927642553,509,49.49759434,77.8173587,89.44161017,61.38283327,0.686289448,0.857142857,0.869222113,141,510,MM,,251214-DSM-Airway-s0-v19-ROI-157,251214-DSM-Airway-s0-v19 ROI 157,MG,54,527,,,,,,,1.333,2.008,1.506
0,65,251214-DSM-Airway-s0-v19-ROI-207,100,100000,1.71662783,399,53.67992558,75.48459657,85.43948411,60.82881294,0.711952016,0.831775701,0.861513045,4,399,MM,,251214-DSM-Airway-s0-v19-ROI-158,251214-DSM-Airway-s0-v19 ROI 158,MG,53,520,,,,,,,1.33,1.699,1.278
0,66,251214-DSM-Airway-s0-v19-ROI-207,100,100000,1.680293878,399,59.50470152,74.25317457,94.23604232,61.37147711,0.651252701,0.853211009,0.84961218,4,399,MM,,251214-DSM-Airway-s0-v19-ROI-159,251214-DSM-Airway-s0-v19 ROI 159,MG,52,630,,,,,,,1.301,1.676,1.288
0,67,251214-DSM-Airway-s0-v19-ROI-191,101,101000,2.576506071,304,49.99992598,86.11485361,103.3521086,49.60689903,0.479979554,0.897959184,0.88732128,20,304,MM,,251214-DSM-Airway-s0-v19-ROI-16,251214-DSM-Airway-s0-v19 ROI 16,MT,195,355,,,,,,,1.937,2.108,1.089
0,68,251214-DSM-Airway-s0-v19-ROI-165,101,101000,1.517690926,490,40.00003173,75.59872343,87.15653256,52.91281707,0.607100988,0.897727273,0.919036596,46,490,MM,,251214-DSM-Airway-s0-v19-ROI-160,251214-DSM-Airway-s0-v19 ROI 160,MG,51,517,,,,,,,1.199,1.54,1.285
0,69,251214-DSM-Airway-s0-v19-ROI-171,104,104000,1.607245816,516,40.00003173,76.57219783,88.31143479,51.85491206,0.587182307,0.933333333,0.926117823,40,517,MM,,251214-DSM-Airway-s0-v19-ROI-161,251214-DSM-Airway-s0-v19 ROI 161,MG,50,725,,,,,,,1.167,1.703,1.459
0,70,251214-DSM-Airway-s0-v19-ROI-208,105,105000,1.559609099,538,58.15586505,70.72505078,82.93646926,58.30333419,0.702987898,0.867346939,0.926501079,3,538,MM,,251214-DSM-Airway-s0-v19-ROI-162,251214-DSM-Airway-s0-v19 ROI 162,MG,49,536,,,,,,,1.331,1.51,1.134
0,71,251214-DSM-Airway-s0-v19-ROI-149,105,105000,1.57537006,487,49.99947123,77.2475419,88.31158846,61.49427429,0.696333011,0.914285714,0.817677744,62,488,MD,,251214-DSM-Airway-s0-v19-ROI-163,251214-DSM-Airway-s0-v19 ROI 163,MG,48,497,,,,,,,1.147,1.674,1.46
0,72,251214-DSM-Airway-s0-v19-ROI-206,107,107000,2.167902685,360,49.99947123,87.26754167,96.95080895,53.21326452,0.548868701,0.884615385,0.867773993,5,360,MM,,251214-DSM-Airway-s0-v19-ROI-164,251214-DSM-Airway-s0-v19 ROI 164,MD,47,693,,,,,,,1.7,1.907,1.122
0,73,251214-DSM-Airway-s0-v19-ROI-150,109,109000,1.690517435,476,49.99947123,76.77746279,88.31133449,57.85486862,0.655123931,0.923913043,0.923523177,61,475,MG,,251214-DSM-Airway-s0-v19-ROI-165,251214-DSM-Airway-s0-v19 ROI 165,MM,46,490,,,,,,,1.398,1.617,1.156
0,74,251214-DSM-Airway-s0-v19-ROI-192,109,109000,2.076405504,394,40.00003173,85.6764179,94.84183519,66.69815541,0.703256693,0.908163265,0.877136336,19,394,MM,,251214-DSM-Airway-s0-v19-ROI-166,251214-DSM-Airway-s0-v19 ROI 166,MD,45,667,,,,,,,1.084,1.337,1.233
0,75,251214-DSM-Airway-s0-v19-ROI-191,112,112000,1.294971478,305,60.0000476,75.07123103,81.20934388,61.8537195,0.761657668,0.834862385,0.940454727,20,304,MM,,251214-DSM-Airway-s0-v19-ROI-167,251214-DSM-Airway-s0-v19 ROI 167,MD,44,609,,,,,,,1.09,1.313,1.204
0,76,251214-DSM-Airway-s0-v19-ROI-183,113,113000,1.529748706,552,56.64079945,69.71432231,80.61940428,60.75753238,0.753634102,0.855769231,0.886667994,28,552,MM,,251214-DSM-Airway-s0-v19-ROI-168,251214-DSM-Airway-s0-v19 ROI 168,MD,43,577,,,,,,,1.206,1.551,1.286
0,77,251214-DSM-Airway-s0-v19-ROI-121,113,113000,2.593460252,527,49.99992598,76.92946369,89.44201606,61.02548068,0.682290979,0.949494949,0.872540881,90,525,MG,,251214-DSM-Airway-s0-v19-ROI-169,251214-DSM-Airway-s0-v19 ROI 169,MD,42,535,,,,,,,1.961,2.104,1.073
0,78,251214-DSM-Airway-s0-v19-ROI-22,114,114000,3.057993268,417,30.00059223,100.1252219,126.6853446,39.86467976,0.314674755,0.859649123,0.780492975,189,418,MD,,251214-DSM-Airway-s0-v19-ROI-17,251214-DSM-Airway-s0-v19 ROI 17,MT,194,357,,,,,,,1.672,3.406,2.037
0,79,251214-DSM-Airway-s0-v19-ROI-196,114,114000,1.461982798,540,50.00038072,78.33338448,86.01638185,66.59061385,0.774161996,0.9,0.93569618,15,539,MM,,251214-DSM-Airway-s0-v19-ROI-170,251214-DSM-Airway-s0-v19 ROI 170,MD,41,544,,,,,,,1.186,1.476,1.244
0,80,251214-DSM-Airway-s0-v19-ROI-189,114,114000,2.72618698,339,49.99992598,80.83438036,98.48841089,54.67989266,0.555191135,0.821705426,0.79569405,22,339,MM,,251214-DSM-Airway-s0-v19-ROI-171,251214-DSM-Airway-s0-v19 ROI 171,MM,40,517,,,,,,,1.629,2.792,1.714
0,81,251214-DSM-Airway-s0-v19-ROI-172,115,115000,2.270577408,527,50.00038072,89.45794944,106.2988664,57.08026892,0.536979093,0.840707965,0.887567993,39,525,MD,,251214-DSM-Airway-s0-v19-ROI-172,251214-DSM-Airway-s0-v19 ROI 172,MD,39,525,,,,,,,1.733,1.984,1.144
0,82,251214-DSM-Airway-s0-v19-ROI-69,116,116000,1.893066062,315,56.56890892,91.2596137,103.9228994,58.39537552,0.561910569,0.897435897,0.835628483,142,314,MM,,251214-DSM-Airway-s0-v19-ROI-173,251214-DSM-Airway-s0-v19 ROI 173,MM,38,719,,,,,,,1.407,1.857,1.319
0,83,251214-DSM-Airway-s0-v19-ROI-189,116,116000,1.870661759,339,47.48284411,86.91458559,96.95065998,47.94700595,0.494550588,0.837606838,0.851646743,22,339,MM,,251214-DSM-Airway-s0-v19-ROI-174,251214-DSM-Airway-s0-v19 ROI 174,MD,37,688,,,,,,,1.201,2.173,1.809
0,84,251214-DSM-Airway-s0-v19-ROI-177,116,116000,1.358255421,510,59.99982022,74.06792562,84.49708011,62.5600564,0.740381281,0.851851852,0.91703947,34,509,MD,,251214-DSM-Airway-s0-v19-ROI-175,251214-DSM-Airway-s0-v19 ROI 175,MD,36,671,,,,,,,1.117,1.381,1.236
0,85,251214-DSM-Airway-s0-v19-ROI-176,117,117000,2.494575958,567,49.99947123,89.87722539,102.9411491,66.0240877,0.641377022,0.870689655,0.847703297,35,566,MD,,251214-DSM-Airway-s0-v19-ROI-176,251214-DSM-Airway-s0-v19 ROI 176,MD,35,566,,,,,,,1.637,2.375,1.451
0,86,251214-DSM-Airway-s0-v19-ROI-110,118,118000,3.12277122,404,49.69927072,94.04156859,115.2835436,56.10179526,0.486641835,0.905982906,0.804999884,101,404,MM,,251214-DSM-Airway-s0-v19-ROI-177,251214-DSM-Airway-s0-v19 ROI 177,MD,34,509,,,,,,,2.179,2.377,1.091
0,87,251214-DSM-Airway-s0-v19-ROI-79,119,119000,1.97766921,511,58.51570557,85.7944794,102.941328,64.16941823,0.623359145,0.8359375,0.814682419,132,508,MM,,251214-DSM-Airway-s0-v19-ROI-178,251214-DSM-Airway-s0-v19 ROI 178,MD,33,450,,,,,,,1.458,1.913,1.312
0,88,251214-DSM-Airway-s0-v19-ROI-52,119,119000,1.690083485,710,56.396669,80.07000804,91.08801528,56.93138197,0.625015067,0.869565217,0.839599187,159,710,DT,,251214-DSM-Airway-s0-v19-ROI-179,251214-DSM-Airway-s0-v19 ROI 179,MD,32,374,,,,,,,1.216,1.78,1.463
0,89,251214-DSM-Airway-s0-v19-ROI-139,121,121000,2.083370249,655,54.60770931,87.53967207,102.4656189,58.3236104,0.569201758,0.863247863,0.895709863,72,656,MT,,251214-DSM-Airway-s0-v19-ROI-18,251214-DSM-Airway-s0-v19 ROI 18,MT,193,362,,,,,,,1.569,1.929,1.229
0,90,251214-DSM-Airway-s0-v19-ROI-135,122,122000,1.817383924,642,40.00048648,82.53259353,96.90901176,55.79649915,0.575761719,0.932692308,0.865489359,76,639,MG,,251214-DSM-Airway-s0-v19-ROI-180,251214-DSM-Airway-s0-v19 ROI 180,MD,31,706,,,,,,,1.272,1.917,1.507
0,91,251214-DSM-Airway-s0-v19-ROI-180,125,125000,1.297032439,707,66.59017524,76.22776038,83.05703547,74.87833344,0.901529088,0.859504132,0.869660957,31,706,MD,,251214-DSM-Airway-s0-v19-ROI-181,251214-DSM-Airway-s0-v19 ROI 181,DT,30,599,,,,,,,1.101,1.311,1.191
0,92,251214-DSM-Airway-s0-v19-ROI-172,127,127000,1.482413982,524,60.00027497,74.32244903,87.74599648,65.70523397,0.748811759,0.906542056,0.928751172,39,525,MD,,251214-DSM-Airway-s0-v19-ROI-182,251214-DSM-Airway-s0-v19 ROI 182,MM,29,714,,,,,,,1.231,1.475,1.198
0,93,251214-DSM-Airway-s0-v19-ROI-171,128,128000,1.787865525,518,58.38708502,81.03982613,101.9607792,62.07895267,0.608851297,0.900900901,0.866333261,40,517,MM,,251214-DSM-Airway-s0-v19-ROI-183,251214-DSM-Airway-s0-v19 ROI 183,MM,28,552,,,,,,,1.321,1.806,1.367
0,94,251214-DSM-Airway-s0-v19-ROI-152,130,130000,1.325101869,429,59.99982022,78.64071689,85.89687507,69.56286843,0.809841666,0.863247863,0.923331825,59,432,MG,,251214-DSM-Airway-s0-v19-ROI-184,251214-DSM-Airway-s0-v19 ROI 184,MM,27,499,,,,,,,1.15,1.326,1.153
0,95,251214-DSM-Airway-s0-v19-ROI-83,131,131000,1.415696042,693,59.99993391,88.65362351,95.38946878,60.80979191,0.637489575,0.856060606,0.848753245,128,691,MM,,251214-DSM-Airway-s0-v19-ROI-185,251214-DSM-Airway-s0-v19 ROI 185,MM,26,477,,,,,,,1.212,1.405,1.159
0,96,251214-DSM-Airway-s0-v19-ROI-146,133,133000,1.406890909,537,60.00027497,74.92094055,86.51155307,65.66214252,0.75899854,0.89380531,0.913067711,65,535,MM,,251214-DSM-Airway-s0-v19-ROI-186,251214-DSM-Airway-s0-v19 ROI 186,MM,25,435,,,,,,,1.21,1.396,1.154
0,97,251214-DSM-Airway-s0-v19-ROI-11,134,134000,2.634914293,299,60.76464044,89.63663762,120.4156012,62.88977978,0.522272688,0.796407186,0.696286777,200,298,MT,,251214-DSM-Airway-s0-v19-ROI-187,251214-DSM-Airway-s0-v19 ROI 187,MM,24,388,,,,,,,1.622,2.638,1.626
0,98,251214-DSM-Airway-s0-v19-ROI-173,134,134000,2.159028857,719,56.56858737,81.81895588,98.48822549,69.40319824,0.704685234,0.828767123,0.823407081,38,719,MM,,251214-DSM-Airway-s0-v19-ROI-188,251214-DSM-Airway-s0-v19 ROI 188,MM,23,384,,,,,,,1.575,2.013,1.278
0,99,251214-DSM-Airway-s0-v19-ROI-157,134,134000,2.092337472,527,62.54819945,88.30374469,104.8801304,65.98566898,0.629153194,0.843971631,0.812841839,54,527,MG,,251214-DSM-Airway-s0-v19-ROI-189,251214-DSM-Airway-s0-v19 ROI 189,MM,22,339,,,,,,,1.552,1.957,1.261
0,100,251214-DSM-Airway-s0-v19-ROI-134,134,134000,1.50907122,607,56.71477465,76.0190152,86.59800066,60.6427685,0.700279083,0.92920354,0.921746529,77,606,MG,,251214-DSM-Airway-s0-v19-ROI-19,251214-DSM-Airway-s0-v19 ROI 19,MT,192,377,,,,,,,1.236,1.505,1.218
0,101,251214-DSM-Airway-s0-v19-ROI-130,135,135000,2.290339179,545,58.38708502,91.14910956,104.8805202,59.30700609,0.565472082,0.896551724,0.889947783,81,542,MG,,251214-DSM-Airway-s0-v19-ROI-190,251214-DSM-Airway-s0-v19 ROI 190,MM,21,333,,,,,,,1.721,2.014,1.17
0,102,251214-DSM-Airway-s0-v19-ROI-112,136,136000,3.964888947,435,49.99992598,100.9484136,126.4905898,59.51571709,0.470514978,0.81884058,0.807562167,99,432,MM,,251214-DSM-Airway-s0-v19-ROI-191,251214-DSM-Airway-s0-v19 ROI 191,MM,20,304,,,,,,,2.417,2.838,1.174
0,103,251214-DSM-Airway-s0-v19-ROI-45,136,136000,1.549726847,501,59.99936548,77.0579282,92.17711597,65.38507292,0.709341708,0.913043478,0.90352393,166,502,MD,,251214-DSM-Airway-s0-v19-ROI-192,251214-DSM-Airway-s0-v19 ROI 192,MM,19,394,,,,,,,1.411,1.463,1.037
0,104,251214-DSM-Airway-s0-v19-ROI-112,137,137000,2.147159647,430,58.38667541,92.11455894,112.2465166,63.76741497,0.568101504,0.893129771,0.803138114,99,432,MM,,251214-DSM-Airway-s0-v19-ROI-193,251214-DSM-Airway-s0-v19 ROI 193,MD,18,524,,,,,,,1.637,1.938,1.184
0,105,251214-DSM-Airway-s0-v19-ROI-136,138,138000,1.701475758,638,59.99936548,84.74178894,97.97774923,67.23487123,0.686225921,0.856,0.882985397,75,640,MG,,251214-DSM-Airway-s0-v19-ROI-194,251214-DSM-Airway-s0-v19 ROI 194,MM,17,286,,,,,,,1.434,1.607,1.121
0,106,251214-DSM-Airway-s0-v19-ROI-183,139,139000,1.63364776,552,49.99992598,80.97434032,87.74654122,59.85098702,0.682089416,0.882352941,0.89917281,28,552,MM,,251214-DSM-Airway-s0-v19-ROI-195,251214-DSM-Airway-s0-v19 ROI 195,MD,16,696,,,,,,,1.256,1.653,1.316
0,107,251214-DSM-Airway-s0-v19-ROI-55,143,143000,1.857801272,624,49.99947123,84.66006066,94.3116471,57.59051462,0.610640535,0.917355372,0.89225403,156,622,MD,,251214-DSM-Airway-s0-v19-ROI-196,251214-DSM-Airway-s0-v19 ROI 196,MM,15,539,,,,,,,1.362,1.859,1.365
0,108,251214-DSM-Airway-s0-v19-ROI-32,144,144000,1.967472956,486,49.19378874,87.23822841,100.9767317,55.79578296,0.552560793,0.878787879,0.844200628,179,486,MD,,251214-DSM-Airway-s0-v19-ROI-197,251214-DSM-Airway-s0-v19 ROI 197,MM,14,344,,,,,,,1.29,2.169,1.682
0,109,251214-DSM-Airway-s0-v19-ROI-161,146,146000,2.583331919,723,59.99936548,94.75376098,111.8026737,63.13864208,0.564732846,0.902985075,0.829745053,50,725,MG,,251214-DSM-Airway-s0-v19-ROI-198,251214-DSM-Airway-s0-v19 ROI 198,MD,13,425,,,,,,,2.008,2.063,1.027
0,110,251214-DSM-Airway-s0-v19-ROI-182,148,148000,1.731429637,717,59.99982022,90.39260632,98.96868084,66.96139224,0.676591743,0.933884298,0.898153086,29,714,MM,,251214-DSM-Airway-s0-v19-ROI-199,251214-DSM-Airway-s0-v19 ROI 199,MD,12,558,,,,,,,1.424,1.646,1.156
0,111,251214-DSM-Airway-s0-v19-ROI-33,149,149000,1.641244096,491,69.49857641,90.93051985,102.4654516,66.73117678,0.651255382,0.852112676,0.86716286,178,489,MD,,251214-DSM-Airway-s0-v19-ROI-2,251214-DSM-Airway-s0-v19 ROI 2,MM,209,336,,,,,,,1.299,1.627,1.253
0,112,251214-DSM-Airway-s0-v19-ROI-7,150,150000,2.851460016,289,56.56881346,100.3180152,116.6176616,57.8512867,0.496076545,0.961832061,0.836985106,204,289,MT,,251214-DSM-Airway-s0-v19-ROI-20,251214-DSM-Airway-s0-v19 ROI 20,MD,191,401,,,,,,,2.098,2.218,1.057
0,113,251214-DSM-Airway-s0-v19-ROI-54,152,152000,1.22121486,639,59.99936548,78.29118837,85.88600138,67.15571006,0.781916831,0.893442623,0.953478559,157,638,MD,,251214-DSM-Airway-s0-v19-ROI-200,251214-DSM-Airway-s0-v19 ROI 200,MM,11,327,,,,,,,1.016,1.247,1.228
0,114,251214-DSM-Airway-s0-v19-ROI-122,152,152000,1.843806718,522,63.93557823,82.50268248,94.33854584,66.47546415,0.704647963,0.856115108,0.867938086,89,522,MG,,251214-DSM-Airway-s0-v19-ROI-201,251214-DSM-Airway-s0-v19 ROI 201,MT,10,614,,,,,,,1.414,1.786,1.264
0,115,251214-DSM-Airway-s0-v19-ROI-164,153,153000,1.697425195,693,60.00027497,85.55869112,94.86772571,61.27578543,0.645907604,0.884057971,0.853660769,47,693,MD,,251214-DSM-Airway-s0-v19-ROI-202,251214-DSM-Airway-s0-v19 ROI 202,MT,9,469,,,,,,,1.371,1.643,1.198
0,116,251214-DSM-Airway-s0-v19-ROI-11,154,154000,1.519284875,297,66.19263873,88.27726984,101.9608216,71.13485339,0.697668499,0.894736842,0.841120146,200,298,MT,,251214-DSM-Airway-s0-v19-ROI-203,251214-DSM-Airway-s0-v19 ROI 203,MT,8,465,,,,,,,1.38,1.445,1.047
0,117,251214-DSM-Airway-s0-v19-ROI-145,155,155000,2.098570983,695,59.99982022,96.62134594,110.4255307,64.87289032,0.587480901,0.92481203,0.848362763,66,694,MM,,251214-DSM-Airway-s0-v19-ROI-204,251214-DSM-Airway-s0-v19 ROI 204,MT,7,612,,,,,,,1.637,1.886,1.153
0,118,251214-DSM-Airway-s0-v19-ROI-67,156,156000,2.566261905,305,50.00038072,99.72111968,114.4540809,54.43163859,0.475576215,0.909774436,0.847371198,144,308,MM,,251214-DSM-Airway-s0-v19-ROI-205,251214-DSM-Airway-s0-v19 ROI 205,MT,6,515,,,,,,,1.698,2.37,1.396
0,119,251214-DSM-Airway-s0-v19-ROI-54,156,156000,1.64067563,638,63.74901662,78.33199435,94.33931948,69.89316,0.740869877,0.896296296,0.87940285,157,638,MD,,251214-DSM-Airway-s0-v19-ROI-206,251214-DSM-Airway-s0-v19 ROI 206,MM,5,360,,,,,,,1.335,1.6,1.198
0,120,251214-DSM-Airway-s0-v19-ROI-132,156,156000,1.503768627,577,60.00027497,88.86587948,102.4658018,71.5122302,0.697913147,0.9140625,0.884341757,79,577,MG,,251214-DSM-Airway-s0-v19-ROI-207,251214-DSM-Airway-s0-v19 ROI 207,MM,4,399,,,,,,,1.228,1.503,1.223
0,121,251214-DSM-Airway-s0-v19-ROI-173,160,160000,2.130533843,719,60.00027497,84.20041498,102.9561488,67.48311561,0.655454933,0.932330827,0.871608097,38,719,MM,,251214-DSM-Airway-s0-v19-ROI-208,251214-DSM-Airway-s0-v19 ROI 208,MM,3,538,,,,,,,1.738,1.845,1.062
0,122,251214-DSM-Airway-s0-v19-ROI-12,164,164000,1.594052403,328,65.62192878,93.86970711,100.4938461,79.43940237,0.790490218,0.87755102,0.83850463,199,328,MT,,251214-DSM-Airway-s0-v19-ROI-209,251214-DSM-Airway-s0-v19 ROI 209,MT,2,547,,,,,,,1.146,1.705,1.488
0,123,251214-DSM-Airway-s0-v19-ROI-65,167,167000,1.316715211,278,69.99994184,88.7695409,96.41261261,73.84696005,0.76594709,0.829931973,0.896075488,146,280,MM,,251214-DSM-Airway-s0-v19-ROI-21,251214-DSM-Airway-s0-v19 ROI 21,MD,190,395,,,,,,,1.195,1.301,1.089
0,124,251214-DSM-Airway-s0-v19-ROI-177,168,168000,1.494633015,507,60.00027497,86.53488507,98.96575097,69.07818391,0.698000907,0.860294118,0.932206795,34,509,MD,,251214-DSM-Airway-s0-v19-ROI-210,251214-DSM-Airway-s0-v19 ROI 210,MD,1,410,,,,,,,1.265,1.471,1.163
0,125,251214-DSM-Airway-s0-v19-ROI-151,170,170000,1.707251413,501,60.00027497,94.75358659,106.296868,71.16747053,0.669516157,0.879699248,0.894154627,60,500,MG,,251214-DSM-Airway-s0-v19-ROI-22,251214-DSM-Airway-s0-v19 ROI 22,MD,189,418,,,,,,,1.444,1.607,1.113
0,126,251214-DSM-Airway-s0-v19-ROI-145,175,175000,1.87162825,693,67.08153327,94.36426162,108.0822048,70.58643782,0.653081032,0.874213836,0.814705256,66,694,MM,,251214-DSM-Airway-s0-v19-ROI-23,251214-DSM-Airway-s0-v19 ROI 23,MM,188,251,,,,,,,1.463,1.777,1.215
0,127,251214-DSM-Airway-s0-v19-ROI-167,175,175000,1.962853395,609,60.00027497,91.74314204,102.4617948,70.9324862,0.692282293,0.834437086,0.890463691,44,609,MD,,251214-DSM-Airway-s0-v19-ROI-24,251214-DSM-Airway-s0-v19 ROI 24,MD,187,409,,,,,,,1.51,1.843,1.22
0,128,251214-DSM-Airway-s0-v19-ROI-160,177,177000,2.038122015,517,61.36738233,94.22556263,104.8757098,72.79198607,0.694078602,0.848101266,0.850945236,51,517,MG,,251214-DSM-Airway-s0-v19-ROI-25,251214-DSM-Airway-s0-v19 ROI 25,MD,186,433,,,,,,,1.437,2.024,1.408
0,129,251214-DSM-Airway-s0-v19-ROI-62,179,179000,2.63616715,289,69.99971447,112.3706473,134.8990458,64.08227869,0.475038784,0.838323353,0.800344979,149,288,MM,,251214-DSM-Airway-s0-v19-ROI-26,251214-DSM-Airway-s0-v19 ROI 26,MD,185,433,,,,,,,1.79,2.32,1.296
0,130,251214-DSM-Airway-s0-v19-ROI-133,180,180000,1.909804142,601,60.00027497,91.80365651,114.8564764,68.65274768,0.597726396,0.952380952,0.826266364,78,601,MG,,251214-DSM-Airway-s0-v19-ROI-27,251214-DSM-Airway-s0-v19 ROI 27,MD,184,448,,,,,,,1.404,1.883,1.34
0,131,251214-DSM-Airway-s0-v19-ROI-77,181,181000,1.646161404,465,70.00016922,98.74123167,109.974273,72.84198786,0.662354802,0.874213836,0.83190529,134,464,MM,,251214-DSM-Airway-s0-v19-ROI-28,251214-DSM-Airway-s0-v19 ROI 28,MD,183,461,,,,,,,1.328,1.612,1.214
0,132,251214-DSM-Airway-s0-v19-ROI-13,183,183000,1.983132695,333,59.99936548,99.82861442,111.8025229,70.55197219,0.631040967,0.876623377,0.846215701,198,334,MT,,251214-DSM-Airway-s0-v19-ROI-29,251214-DSM-Airway-s0-v19 ROI 29,MD,182,470,,,,,,,1.554,1.829,1.177
0,133,251214-DSM-Airway-s0-v19-ROI-9,184,184000,2.370794318,285,60.00027497,98.93254246,111.802889,71.73918728,0.641657724,0.859872611,0.870073774,202,285,MT,,251214-DSM-Airway-s0-v19-ROI-3,251214-DSM-Airway-s0-v19 ROI 3,MG,208,410,,,,,,,1.855,1.985,1.07
0,134,251214-DSM-Airway-s0-v19-ROI-163,184,184000,1.683438402,498,60.00027497,93.33936816,103.9227689,64.74590854,0.623019471,0.863013699,0.8964682,48,497,MG,,251214-DSM-Airway-s0-v19-ROI-30,251214-DSM-Airway-s0-v19 ROI 30,MD,181,472,,,,,,,1.291,1.689,1.308
0,135,251214-DSM-Airway-s0-v19-ROI-174,186,186000,1.461252253,689,62.82834465,90.03295243,107.6736322,73.6562327,0.68406936,0.870748299,0.898386392,37,688,MD,,251214-DSM-Airway-s0-v19-ROI-31,251214-DSM-Airway-s0-v19 ROI 31,MD,180,464,,,,,,,1.104,1.533,1.388
0,136,251214-DSM-Airway-s0-v19-ROI-143,186,186000,3.23995577,602,63.63933924,115.0375842,128.0553613,67.72540804,0.528876006,0.861878453,0.734456805,68,602,MM,,251214-DSM-Airway-s0-v19-ROI-32,251214-DSM-Airway-s0-v19 ROI 32,MD,179,486,,,,,,,1.982,2.746,1.386
0,137,251214-DSM-Airway-s0-v19-ROI-167,187,187000,1.909187324,610,60.00027497,101.7421698,115.7574769,60.82336512,0.525437896,0.846153846,0.866807682,44,609,MD,,251214-DSM-Airway-s0-v19-ROI-33,251214-DSM-Airway-s0-v19 ROI 33,MD,178,489,,,,,,,1.51,1.843,1.22
0,138,251214-DSM-Airway-s0-v19-ROI-131,190,190000,1.916461472,576,50.00038072,100.3064247,111.8029987,64.08046182,0.573155126,0.918367347,0.866211346,80,575,MG,,251214-DSM-Airway-s0-v19-ROI-34,251214-DSM-Airway-s0-v19 ROI 34,MD,177,490,,,,,,,1.394,1.905,1.367
0,139,251214-DSM-Airway-s0-v19-ROI-150,190,190000,1.594332711,474,60.00027497,92.58340976,98.96594224,64.38823638,0.650610048,0.893333333,0.885916082,61,475,MG,,251214-DSM-Airway-s0-v19-ROI-35,251214-DSM-Airway-s0-v19 ROI 35,MD,176,460,,,,,,,1.335,1.547,1.158
0,140,251214-DSM-Airway-s0-v19-ROI-159,194,194000,2.026417913,631,59.99936548,101.1188345,125.695273,67.17599416,0.534435326,0.847058824,0.842877996,52,630,MG,,251214-DSM-Airway-s0-v19-ROI-36,251214-DSM-Airway-s0-v19 ROI 36,MD,175,417,,,,,,,1.594,1.844,1.157
0,141,251214-DSM-Airway-s0-v19-ROI-127,197,197000,3.873813008,286,60.00027497,125.3061082,158.4276449,60.53204093,0.38208004,0.844559585,0.743203702,84,287,MG,,251214-DSM-Airway-s0-v19-ROI-37,251214-DSM-Airway-s0-v19 ROI 37,MD,174,399,,,,,,,1.21,1.396,1.154
0,142,251214-DSM-Airway-s0-v19-ROI-14,205,205000,2.090249241,350,69.49108923,97.96186599,111.8026739,71.88732147,0.64298392,0.883040936,0.828756549,197,349,MT,,251214-DSM-Airway-s0-v19-ROI-38,251214-DSM-Airway-s0-v19 ROI 38,MD,173,530,,,,,,,1.607,1.902,1.184
0,143,251214-DSM-Airway-s0-v19-ROI-45,205,205000,2.198381681,503,69.71527829,98.62293277,117.0458393,71.58591535,0.61160581,0.863905325,0.861470288,166,502,MD,,251214-DSM-Airway-s0-v19-ROI-39,251214-DSM-Airway-s0-v19 ROI 39,MM,172,550,,,,,,,1.744,1.905,1.092
0,144,251214-DSM-Airway-s0-v19-ROI-202,206,206000,1.610104982,470,69.99997026,104.5988925,120.7794191,79.2617916,0.656252466,0.901162791,0.835551605,9,469,MT,,251214-DSM-Airway-s0-v19-ROI-4,251214-DSM-Airway-s0-v19 ROI 4,MT,207,252,,,,,,,1.371,1.544,1.126
0,145,251214-DSM-Airway-s0-v19-ROI-137,206,206000,1.980306916,735,69.71582323,103.667848,122.4689928,71.89975181,0.587085352,0.851190476,0.893661421,74,735,MT,,251214-DSM-Airway-s0-v19-ROI-40,251214-DSM-Airway-s0-v19 ROI 40,MD,171,609,,,,,,,1.545,1.833,1.187
0,146,251214-DSM-Airway-s0-v19-ROI-146,209,209000,1.823957433,534,60.00027497,94.37632372,110.4079986,69.02172352,0.625151478,0.904458599,0.867820286,65,535,MM,,251214-DSM-Airway-s0-v19-ROI-41,251214-DSM-Airway-s0-v19 ROI 41,MM,170,631,,,,,,,1.487,1.705,1.147
0,147,251214-DSM-Airway-s0-v19-ROI-55,211,211000,1.425047923,620,59.99936548,90.56081367,100.3828305,77.78608749,0.774894343,0.896551724,0.97483267,156,622,MD,,251214-DSM-Airway-s0-v19-ROI-42,251214-DSM-Airway-s0-v19 ROI 42,MD,169,647,,,,,,,1.187,1.429,1.204
0,148,251214-DSM-Airway-s0-v19-ROI-147,215,215000,1.51957973,361,60.00027497,90.37134007,100.4938303,74.18552232,0.73820972,0.95,0.967082077,64,362,MM,,251214-DSM-Airway-s0-v19-ROI-43,251214-DSM-Airway-s0-v19 ROI 43,MD,168,691,,,,,,,1.287,1.488,1.157
0,149,251214-DSM-Airway-s0-v19-ROI-22,216,216000,2.950563692,418,60.00027497,111.3933077,148.5560992,58.25321642,0.392129416,0.822660099,0.733513934,189,418,MD,,251214-DSM-Airway-s0-v19-ROI-44,251214-DSM-Airway-s0-v19 ROI 44,MD,167,492,,,,,,,1.752,2.845,1.624
0,150,251214-DSM-Airway-s0-v19-ROI-153,217,217000,3.761698882,423,69.99925972,131.2871651,155.2277796,75.63484961,0.487250734,0.798165138,0.756785543,58,424,MG,,251214-DSM-Airway-s0-v19-ROI-45,251214-DSM-Airway-s0-v19 ROI 45,MD,166,502,,,,,,,2.265,2.855,1.261
0,151,251214-DSM-Airway-s0-v19-ROI-88,218,218000,2.203119082,665,67.57723224,90.50642912,111.8032334,72.42910043,0.647826528,0.857923497,0.821779912,123,663,MM,,251214-DSM-Airway-s0-v19-ROI-46,251214-DSM-Airway-s0-v19 ROI 46,MM,165,499,,,,,,,1.455,2.26,1.553
0,152,251214-DSM-Airway-s0-v19-ROI-151,219,219000,2.133547348,499,60.00027497,114.579689,128.838681,64.30659911,0.499124941,0.889534884,0.835485397,60,500,MG,,251214-DSM-Airway-s0-v19-ROI-47,251214-DSM-Airway-s0-v19 ROI 47,MD,164,588,,,,,,,1.37,2.322,1.695
0,153,251214-DSM-Airway-s0-v19-ROI-63,219,219000,1.870844451,287,70.00016922,125.7200283,145.5664988,75.8202903,0.520863598,0.801075269,0.864950326,148,285,MM,,251214-DSM-Airway-s0-v19-ROI-48,251214-DSM-Airway-s0-v19 ROI 48,MD,163,596,,,,,,,1.607,1.68,1.045
0,154,251214-DSM-Airway-s0-v19-ROI-48,219,219000,1.432519593,595,69.2420652,88.238437,96.41239832,68.47616343,0.710242299,0.914473684,0.938376082,163,596,MD,,251214-DSM-Airway-s0-v19-ROI-49,251214-DSM-Airway-s0-v19 ROI 49,DT,162,588,,,,,,,1.13,1.472,1.302
0,155,251214-DSM-Airway-s0-v19-ROI-9,221,221000,2.701972502,285,70.00005553,123.931044,146.2874678,77.45996007,0.529505099,0.871657754,0.786126389,202,285,MT,,251214-DSM-Airway-s0-v19-ROI-5,251214-DSM-Airway-s0-v19 ROI 5,MT,206,267,,,,,,,1.742,2.481,1.424
0,156,251214-DSM-Airway-s0-v19-ROI-14,223,223000,1.220364264,348,69.99994184,89.07141442,100.4557935,77.19276777,0.768425246,0.95862069,0.921341511,197,349,MT,,251214-DSM-Airway-s0-v19-ROI-50,251214-DSM-Airway-s0-v19 ROI 50,DT,161,662,,,,,,,1.028,1.242,1.208
0,157,251214-DSM-Airway-s0-v19-ROI-204,224,224000,1.312135945,611,70.00016922,86.10768821,104.3949572,73.34056736,0.70252979,0.924657534,0.964744053,7,612,MT,,251214-DSM-Airway-s0-v19-ROI-51,251214-DSM-Airway-s0-v19 ROI 51,DT,160,654,,,,,,,1.22,1.289,1.056
0,158,251214-DSM-Airway-s0-v19-ROI-182,225,225000,1.685271078,713,75.01599121,102.1373122,114.453921,79.35930802,0.693373432,0.842931937,0.847155823,29,714,MM,,251214-DSM-Airway-s0-v19-ROI-52,251214-DSM-Airway-s0-v19 ROI 52,DT,159,710,,,,,,,1.405,1.607,1.144
0,159,251214-DSM-Airway-s0-v19-ROI-142,228,228000,1.533562414,609,69.99971447,97.18463705,112.2469211,81.47889164,0.725889769,0.908571429,0.854560201,69,608,MM,,251214-DSM-Airway-s0-v19-ROI-53,251214-DSM-Airway-s0-v19 ROI 53,MT,158,730,,,,,,,1.39,1.456,1.047
0,160,251214-DSM-Airway-s0-v19-ROI-90,228,228000,1.943113344,627,63.63990196,98.74271282,108.1585853,76.14668003,0.70402807,0.911764706,0.858519434,121,627,MM,,251214-DSM-Airway-s0-v19-ROI-54,251214-DSM-Airway-s0-v19 ROI 54,MD,157,638,,,,,,,1.482,1.846,1.246
0,161,251214-DSM-Airway-s0-v19-ROI-40,228,228000,1.443915646,609,70.71121654,89.09406924,98.9661335,76.59069829,0.77390816,0.918238994,0.944674693,171,609,MD,,251214-DSM-Airway-s0-v19-ROI-55,251214-DSM-Airway-s0-v19 ROI 55,MD,156,622,,,,,,,1.303,1.398,1.073
0,162,251214-DSM-Airway-s0-v19-ROI-73,230,230000,2.028297279,365,70.00016922,111.6025623,137.3753389,76.24897672,0.555041227,0.873015873,0.796330875,138,366,MM,,251214-DSM-Airway-s0-v19-ROI-56,251214-DSM-Airway-s0-v19 ROI 56,MM,155,255,,,,,,,1.68,1.787,1.064
0,163,251214-DSM-Airway-s0-v19-ROI-18,231,231000,3.038191928,364,60.0000476,121.4756922,144.5675743,66.55686358,0.460385836,0.908571429,0.84195603,193,362,MT,,251214-DSM-Airway-s0-v19-ROI-57,251214-DSM-Airway-s0-v19 ROI 57,MM,154,267,,,,,,,2.018,2.467,1.223
0,164,251214-DSM-Airway-s0-v19-ROI-90,231,231000,1.459873857,627,69.99971447,96.18234581,103.9227248,74.5483364,0.717343935,0.869565217,0.954547023,121,627,MM,,251214-DSM-Airway-s0-v19-ROI-58,251214-DSM-Airway-s0-v19 ROI 58,MM,153,255,,,,,,,1.319,1.409,1.068
0,165,251214-DSM-Airway-s0-v19-ROI-139,233,233000,1.37063826,656,70.71101557,97.0735472,111.80005,71.83531866,0.642533869,0.894117647,0.885549565,72,656,MT,,251214-DSM-Airway-s0-v19-ROI-59,251214-DSM-Airway-s0-v19 ROI 59,MM,152,272,,,,,,,1.041,1.444,1.387
0,166,251214-DSM-Airway-s0-v19-ROI-32,233,233000,1.393393947,486,80.00006346,96.01103278,104.8632491,83.09173674,0.792381863,0.890804598,0.867645307,179,486,MD,,251214-DSM-Airway-s0-v19-ROI-6,251214-DSM-Airway-s0-v19 ROI 6,MT,205,274,,,,,,,1.247,1.366,1.096
0,167,251214-DSM-Airway-s0-v19-ROI-163,234,234000,1.817123876,497,70.00016922,104.129969,115.6637233,71.4050268,0.617350235,0.857142857,0.893721845,48,497,MG,,251214-DSM-Airway-s0-v19-ROI-60,251214-DSM-Airway-s0-v19 ROI 60,MM,151,277,,,,,,,1.551,1.659,1.07
0,168,251214-DSM-Airway-s0-v19-ROI-96,236,236000,1.575397318,412,59.99936548,100.6929648,117.8330594,72.41104971,0.61452236,0.929824561,0.84975512,115,413,MG,,251214-DSM-Airway-s0-v19-ROI-61,251214-DSM-Airway-s0-v19 ROI 61,MM,150,280,,,,,,,1.165,1.654,1.419
0,169,251214-DSM-Airway-s0-v19-ROI-209,236,236000,2.044050673,549,70.00062396,110.1011477,124.4930603,73.20223417,0.588002528,0.886486486,0.850396823,2,547,MT,,251214-DSM-Airway-s0-v19-ROI-62,251214-DSM-Airway-s0-v19 ROI 62,MM,149,288,,,,,,,1.562,1.89,1.21
0,170,251214-DSM-Airway-s0-v19-ROI-205,238,238000,2.476361001,516,70.00005553,126.2129643,144.9118227,76.08841649,0.525067004,0.91,0.772435177,6,515,MT,,251214-DSM-Airway-s0-v19-ROI-63,251214-DSM-Airway-s0-v19 ROI 63,MM,148,285,,,,,,,1.762,2.172,1.233
0,171,251214-DSM-Airway-s0-v19-ROI-206,239,239000,1.28412259,359,69.99971447,90.19259769,99.99870004,82.16368871,0.821647568,0.888888889,0.948729739,5,360,MM,,251214-DSM-Airway-s0-v19-ROI-64,251214-DSM-Airway-s0-v19 ROI 64,MM,147,288,,,,,,,1.051,1.315,1.251
0,172,251214-DSM-Airway-s0-v19-ROI-73,240,240000,1.518371138,367,70.00016922,99.64844282,111.8001875,81.3023564,0.727211271,0.928143713,0.885302116,138,366,MM,,251214-DSM-Airway-s0-v19-ROI-65,251214-DSM-Airway-s0-v19 ROI 65,MM,146,280,,,,,,,1.246,1.51,1.212
0,173,251214-DSM-Airway-s0-v19-ROI-209,247,247000,2.264308052,544,69.49824799,113.3503986,131.5122672,69.93156328,0.531749355,0.899470899,0.835428364,2,547,MT,,251214-DSM-Airway-s0-v19-ROI-66,251214-DSM-Airway-s0-v19 ROI 66,MM,145,298,,,,,,,1.556,2.178,1.4
0,174,251214-DSM-Airway-s0-v19-ROI-143,248,248000,2.607061461,602,58.1374068,113.4779411,126.8729889,68.07904211,0.536592089,0.928205128,0.779512459,68,602,MM,,251214-DSM-Airway-s0-v19-ROI-67,251214-DSM-Airway-s0-v19 ROI 67,MM,144,308,,,,,,,1.567,2.748,1.755
0,175,251214-DSM-Airway-s0-v19-ROI-84,249,249000,2.489343049,711,59.99982022,117.9708707,147.9669618,64.59466206,0.43654787,0.905759162,0.809324865,127,709,MM,,251214-DSM-Airway-s0-v19-ROI-68,251214-DSM-Airway-s0-v19 ROI 68,MM,143,311,,,,,,,1.653,2.34,1.416
0,176,251214-DSM-Airway-s0-v19-ROI-48,250,250000,1.404930498,596,60.00027497,91.45590274,96.95052752,71.92414266,0.741864377,0.906832298,0.973841048,163,596,MD,,251214-DSM-Airway-s0-v19-ROI-69,251214-DSM-Airway-s0-v19 ROI 69,MM,142,314,,,,,,,1.152,1.422,1.234
0,177,251214-DSM-Airway-s0-v19-ROI-147,251,251000,1.358537382,364,70.00016922,88.68818149,96.32633739,79.92325171,0.829713388,0.9375,0.954434038,64,362,MM,,251214-DSM-Airway-s0-v19-ROI-7,251214-DSM-Airway-s0-v19 ROI 7,MT,204,289,,,,,,,1.173,1.356,1.156
0,178,251214-DSM-Airway-s0-v19-ROI-174,251,251000,1.697886683,688,70.00016922,103.880944,118.7380791,75.42560155,0.635226728,0.908045977,0.920075088,37,688,MD,,251214-DSM-Airway-s0-v19-ROI-70,251214-DSM-Airway-s0-v19 ROI 70,MM,141,510,,,,,,,1.313,1.689,1.286
0,179,251214-DSM-Airway-s0-v19-ROI-205,252,252000,1.737656271,515,70.00016922,109.0507115,120.8293111,71.6585002,0.593055605,0.930481283,0.835526119,6,515,MT,,251214-DSM-Airway-s0-v19-ROI-71,251214-DSM-Airway-s0-v19 ROI 71,MM,140,326,,,,,,,1.242,1.825,1.469
0,180,251214-DSM-Airway-s0-v19-ROI-62,252,252000,2.199018056,286,69.99971447,118.1354571,128.0553613,72.75960836,0.568188693,0.945945946,0.817236179,149,288,MM,,251214-DSM-Airway-s0-v19-ROI-72,251214-DSM-Airway-s0-v19 ROI 72,MM,139,322,,,,,,,1.625,2.007,1.235
0,181,251214-DSM-Airway-s0-v19-ROI-40,253,253000,1.492995203,609,70.71057343,97.42847146,106.2986166,73.93301226,0.695521867,0.836065574,0.957962639,171,609,MD,,251214-DSM-Airway-s0-v19-ROI-73,251214-DSM-Airway-s0-v19 ROI 73,MM,138,366,,,,,,,1.244,1.48,1.19
0,182,251214-DSM-Airway-s0-v19-ROI-52,255,255000,1.928211064,710,76.02648435,107.2880041,115.7575604,79.57643524,0.687440501,0.835748792,0.839954442,159,710,DT,,251214-DSM-Airway-s0-v19-ROI-74,251214-DSM-Airway-s0-v19 ROI 74,MM,137,413,,,,,,,1.494,1.817,1.216
0,183,251214-DSM-Airway-s0-v19-ROI-80,258,258000,1.381871843,526,69.99971447,98.60597926,104.8803482,76.76641567,0.731942799,0.916167665,0.961906762,131,526,MM,,251214-DSM-Airway-s0-v19-ROI-75,251214-DSM-Airway-s0-v19 ROI 75,MM,136,432,,,,,,,1.193,1.374,1.151
0,184,251214-DSM-Airway-s0-v19-ROI-121,258,258000,1.40412414,524,70.00016922,97.93961238,108.1585853,72.40982124,0.669478258,0.901098901,0.882310451,90,525,MG,,251214-DSM-Airway-s0-v19-ROI-76,251214-DSM-Airway-s0-v19 ROI 76,MM,135,442,,,,,,,1.116,1.442,1.292
0,185,251214-DSM-Airway-s0-v19-ROI-162,260,260000,1.674399865,535,76.72086691,104.1057008,115.7354804,76.25321037,0.658857682,0.849246231,0.863387806,49,536,MG,,251214-DSM-Airway-s0-v19-ROI-77,251214-DSM-Airway-s0-v19 ROI 77,MM,134,464,,,,,,,1.452,1.569,1.08
0,186,251214-DSM-Airway-s0-v19-ROI-122,263,263000,1.301990966,522,76.02652407,96.20111206,104.382304,81.0019294,0.776012085,0.965317919,0.893411874,89,522,MG,,251214-DSM-Airway-s0-v19-ROI-78,251214-DSM-Airway-s0-v19 ROI 78,MM,133,494,,,,,,,1.114,1.312,1.178
0,187,251214-DSM-Airway-s0-v19-ROI-43,275,275000,2.408136456,692,70.00016922,111.546879,138.904699,71.67413974,0.515995069,0.888888889,0.80933473,168,691,MD,,251214-DSM-Airway-s0-v19-ROI-79,251214-DSM-Airway-s0-v19 ROI 79,MM,132,508,,,,,,,1.852,2.021,1.091
0,188,251214-DSM-Airway-s0-v19-ROI-131,275,275000,1.624616337,574,70.00016922,104.7837114,115.7361201,80.27004515,0.693560878,0.921348315,0.900566028,80,575,MG,,251214-DSM-Airway-s0-v19-ROI-8,251214-DSM-Airway-s0-v19 ROI 8,MT,203,290,,,,,,,1.316,1.594,1.212
0,189,251214-DSM-Airway-s0-v19-ROI-152,278,278000,1.557262315,433,70.00016922,98.95083486,111.8026718,72.62933243,0.649620723,0.89119171,0.91280764,59,432,MG,,251214-DSM-Airway-s0-v19-ROI-80,251214-DSM-Airway-s0-v19 ROI 80,MM,131,526,,,,,,,1.164,1.626,1.397
0,190,251214-DSM-Airway-s0-v19-ROI-50,282,282000,2.288674591,664,72.41375357,101.8964362,120.8303646,76.31184883,0.631561852,0.87037037,0.842800159,161,662,DT,,251214-DSM-Airway-s0-v19-ROI-81,251214-DSM-Airway-s0-v19 ROI 81,MM,130,648,,,,,,,1.646,2.089,1.27
0,191,251214-DSM-Airway-s0-v19-ROI-27,284,284000,2.006009995,453,61.35322449,118.3660757,137.4724564,64.08919084,0.466196593,0.853333333,0.816394374,184,448,MD,,251214-DSM-Airway-s0-v19-ROI-82,251214-DSM-Airway-s0-v19 ROI 82,MM,129,667,,,,,,,1.272,2.303,1.81
0,192,251214-DSM-Airway-s0-v19-ROI-94,285,285000,1.382904297,450,77.78188802,98.33530599,107.6955069,89.09555733,0.827291313,0.988571429,0.885402892,117,452,MG,,251214-DSM-Airway-s0-v19-ROI-83,251214-DSM-Airway-s0-v19 ROI 83,MM,128,691,,,,,,,1.143,1.399,1.224
0,193,251214-DSM-Airway-s0-v19-ROI-51,287,287000,1.367077696,656,75.40142459,107.2908263,128.0131199,84.83887546,0.662735785,0.932642487,0.83107639,160,654,DT,,251214-DSM-Airway-s0-v19-ROI-84,251214-DSM-Airway-s0-v19 ROI 84,MM,127,709,,,,,,,1.027,1.448,1.411
0,194,251214-DSM-Airway-s0-v19-ROI-153,289,289000,1.548054077,425,80.61763026,104.4443637,122.059045,92.88052484,0.760947497,0.88317757,0.863884767,58,424,MG,,251214-DSM-Airway-s0-v19-ROI-85,251214-DSM-Airway-s0-v19 ROI 85,MM,126,719,,,,,,,1.083,1.705,1.575
0,195,251214-DSM-Airway-s0-v19-ROI-155,289,289000,1.779252146,447,70.00016922,104.631595,125.2985308,73.04540383,0.582970952,0.896373057,0.872017074,56,446,MG,,251214-DSM-Airway-s0-v19-ROI-86,251214-DSM-Airway-s0-v19 ROI 86,MM,125,708,,,,,,,1.422,1.702,1.197
0,196,251214-DSM-Airway-s0-v19-ROI-135,290,290000,1.437812473,637,79.56246119,102.099616,112.2362655,82.63717822,0.736278758,0.935135135,0.896531952,76,639,MG,,251214-DSM-Airway-s0-v19-ROI-87,251214-DSM-Airway-s0-v19 ROI 87,MM,124,739,,,,,,,1.194,1.44,1.206
0,197,251214-DSM-Airway-s0-v19-ROI-83,290,290000,1.707532787,690,70.00005553,103.7918514,115.7357687,77.29217272,0.667833061,0.890052356,0.906543755,128,691,MM,,251214-DSM-Airway-s0-v19-ROI-88,251214-DSM-Airway-s0-v19 ROI 88,MM,123,663,,,,,,,1.373,1.653,1.204
0,198,251214-DSM-Airway-s0-v19-ROI-38,290,290000,1.742718378,533,77.78220958,115.7610961,131.5126551,76.17417749,0.57921557,0.905940594,0.872106376,173,530,MD,,251214-DSM-Airway-s0-v19-ROI-89,251214-DSM-Airway-s0-v19 ROI 89,MM,122,485,,,,,,,1.308,1.754,1.341
0,199,251214-DSM-Airway-s0-v19-ROI-110,294,294000,1.450878386,403,77.78220958,101.2445814,110.4081376,82.87365774,0.750611862,0.893048128,0.959274367,101,404,MM,,251214-DSM-Airway-s0-v19-ROI-9,251214-DSM-Airway-s0-v19 ROI 9,MT,202,285,,,,,,,1.258,1.424,1.132
0,200,251214-DSM-Airway-s0-v19-ROI-78,294,294000,1.400477236,494,80.00006346,103.808623,112.2465166,77.36199681,0.689215123,0.880208333,0.960226417,133,494,MM,,251214-DSM-Airway-s0-v19-ROI-90,251214-DSM-Airway-s0-v19 ROI 90,MM,121,627,,,,,,,1.18,1.402,1.189
0,201,251214-DSM-Airway-s0-v19-ROI-116,294,294000,1.569557272,507,80.00006346,111.1434232,126.8829515,80.4893998,0.634359454,0.888349515,0.855938712,95,505,MM,,251214-DSM-Airway-s0-v19-ROI-91,251214-DSM-Airway-s0-v19 ROI 91,MM,120,533,,,,,,,1.362,1.505,1.105
0,202,251214-DSM-Airway-s0-v19-ROI-47,296,296000,1.62225157,588,70.00016922,99.79836007,114.4228016,79.69258221,0.696474663,0.965116279,0.951243804,164,588,MD,,251214-DSM-Airway-s0-v19-ROI-92,251214-DSM-Airway-s0-v19 ROI 92,MM,119,346,,,,,,,1.363,1.562,1.146
0,203,251214-DSM-Airway-s0-v19-ROI-175,296,296000,1.24315098,670,70.00016922,92.58554029,104.4657925,87.75523242,0.840037972,0.931428571,0.971983657,36,671,MD,,251214-DSM-Airway-s0-v19-ROI-93,251214-DSM-Airway-s0-v19 ROI 93,MG,118,443,,,,,,,1.179,1.227,1.041
0,204,251214-DSM-Airway-s0-v19-ROI-175,297,297000,1.444346826,671,70.00016922,94.5904902,108.1544241,80.38221565,0.743217084,0.908108108,0.954894786,36,671,MD,,251214-DSM-Airway-s0-v19-ROI-94,251214-DSM-Airway-s0-v19 ROI 94,MG,117,452,,,,,,,1.207,1.442,1.194
0,205,251214-DSM-Airway-s0-v19-ROI-42,298,298000,1.492981798,646,70.00016922,96.72656326,108.0822048,75.78347778,0.701165173,0.90052356,0.942805492,169,647,MD,,251214-DSM-Airway-s0-v19-ROI-95,251214-DSM-Airway-s0-v19 ROI 95,MG,116,486,,,,,,,1.074,1.614,1.503
0,206,251214-DSM-Airway-s0-v19-ROI-72,299,299000,1.749667705,323,69.99971447,107.4763512,122.4096675,77.29035649,0.63140729,0.937823834,0.879916763,139,322,MM,,251214-DSM-Airway-s0-v19-ROI-96,251214-DSM-Airway-s0-v19 ROI 96,MG,115,413,,,,,,,1.313,1.759,1.34
0,207,251214-DSM-Airway-s0-v19-ROI-78,300,300000,1.915989943,495,69.99971447,115.3353987,131.5258171,78.25612465,0.594986797,1.010810811,0.859425668,133,494,MM,,251214-DSM-Airway-s0-v19-ROI-97,251214-DSM-Airway-s0-v19 ROI 97,MG,114,407,,,,,,,1.508,1.791,1.188
0,208,251214-DSM-Airway-s0-v19-ROI-156,310,310000,1.468173201,441,70.00016922,104.9058318,120.7795335,89.42794912,0.740423038,0.921465969,0.906821457,55,440,MG,,251214-DSM-Airway-s0-v19-ROI-98,251214-DSM-Airway-s0-v19 ROI 98,MG,113,377,,,,,,,1.128,1.524,1.351
0,209,251214-DSM-Airway-s0-v19-ROI-204,311,311000,1.56174012,612,80.00000662,103.0565339,113.5655658,85.10261071,0.749369847,0.906862745,0.876041396,7,612,MT,,251214-DSM-Airway-s0-v19-ROI-99,251214-DSM-Airway-s0-v19 ROI 99,MG,112,385,,,,,,,1.349,1.503,1.114
0,210,251214-DSM-Airway-s0-v19-ROI-77,312,312000,1.477725269,464,69.99971447,107.1914001,119.1506439,82.86865211,0.69549479,0.911458333,0.921766555,134,464,MM,,,,,,,,,,,,,1.196,1.49,1.246
0,211,251214-DSM-Airway-s0-v19-ROI-33,315,315000,1.505220749,489,70.00016922,109.6385199,122.4695163,72.46295675,0.591681579,0.935,0.879013507,178,489,MD,,,,,,,,,,,,,1.156,1.556,1.347
0,212,251214-DSM-Airway-s0-v19-ROI-133,316,316000,1.415453399,602,80.00006346,107.6403117,117.8333375,88.51358226,0.75117606,0.942583732,0.847588307,78,601,MG,,,,,,,,,,,,,1.242,1.392,1.12
0,213,251214-DSM-Airway-s0-v19-ROI-201,322,322000,3.024676263,616,69.99999869,142.0328993,160.3114277,68.32700539,0.42621419,0.895582329,0.73728796,10,614,MT,,,,,,,,,,,,,1.781,2.892,1.624
0,214,251214-DSM-Airway-s0-v19-ROI-134,323,323000,1.5385056,605,80.00006346,107.5780405,119.9701905,81.64785075,0.680567818,0.93236715,0.881025046,77,606,MG,,,,,,,,,,,,,1.278,1.515,1.186
0,215,251214-DSM-Airway-s0-v19-ROI-64,325,325000,2.087281233,290,71.73862858,127.3968628,148.6537052,71.96575231,0.484116775,0.849420849,0.762174777,147,288,MM,,,,,,,,,,,,,1.316,2.369,1.801
0,216,251214-DSM-Airway-s0-v19-ROI-28,326,326000,1.398866819,463,79.99983609,107.970033,115.7359266,88.72373068,0.766604919,0.927835052,0.950292256,183,461,MD,,,,,,,,,,,,,1.301,1.353,1.04
0,217,251214-DSM-Airway-s0-v19-ROI-84,327,327000,1.338182195,708,80.00006346,94.00909685,106.3012911,80.00006346,0.752578474,0.915789474,0.973345031,127,709,MM,,,,,,,,,,,,,1.24,1.31,1.056
0,218,251214-DSM-Airway-s0-v19-ROI-116,327,327000,1.797051567,504,70.00016922,113.315112,126.8833469,76.78311419,0.605147295,0.882352941,0.877579089,95,505,MM,,,,,,,,,,,,,1.432,1.714,1.197
0,219,251214-DSM-Airway-s0-v19-ROI-154,330,330000,2.329971623,412,70.00016922,125.5742515,142.0674256,78.35637347,0.551543559,0.892857143,0.882418815,57,415,MG,,,,,,,,,,,,,1.722,2.056,1.194
0,220,251214-DSM-Airway-s0-v19-ROI-87,334,334000,1.719577208,739,70.00016922,101.7675714,120.8101588,81.51785513,0.674759937,0.925531915,0.908488825,124,739,MM,,,,,,,,,,,,,1.333,1.7,1.275
0,221,251214-DSM-Airway-s0-v19-ROI-202,335,335000,1.568569032,469,85.18849354,112.2912127,128.837846,88.95067884,0.690407994,0.883116883,0.861069734,9,469,MT,,,,,,,,,,,,,1.333,1.519,1.139
0,222,251214-DSM-Airway-s0-v19-ROI-114,337,337000,2.114571492,449,70.00016922,111.6453457,135.9329482,74.03468256,0.544641189,0.858333333,0.843069733,97,451,MM,,,,,,,,,,,,,1.371,2.279,1.663
0,223,251214-DSM-Airway-s0-v19-ROI-132,337,337000,1.317017883,577,88.85558592,106.3338714,114.8914075,85.75746764,0.746421943,0.876146789,0.924900507,79,577,MG,,,,,,,,,,,,,1.137,1.321,1.162
0,224,251214-DSM-Airway-s0-v19-ROI-136,337,337000,1.591748624,640,74.53123077,104.5294678,118.2771564,75.57924301,0.639001184,0.894009217,0.896982177,75,640,MG,,,,,,,,,,,,,1.19,1.653,1.389
0,225,251214-DSM-Airway-s0-v19-ROI-142,340,340000,1.068935619,607,79.99960872,98.96610498,104.8804342,88.89409296,0.847575562,0.961748634,0.980313295,69,608,MM,,,,,,,,,,,,,1.061,1.067,1.006
0,226,251214-DSM-Airway-s0-v19-ROI-82,342,342000,1.501272678,666,80.49871442,96.00205776,104.3632778,89.99995771,0.862371895,0.877358491,0.948546406,129,667,MM,,,,,,,,,,,,,1.342,1.442,1.075
0,227,251214-DSM-Airway-s0-v19-ROI-60,343,343000,1.99339047,277,80.00006346,122.7545328,153.9267645,80.98204127,0.526107604,0.896414343,0.776631895,151,277,MM,,,,,,,,,,,,,1.573,1.825,1.161
0,228,251214-DSM-Airway-s0-v19-ROI-201,345,345000,1.477539814,613,70.00016922,110.7937853,120.8291988,88.70001375,0.734094197,0.960199005,0.912733764,10,614,MT,,,,,,,,,,,,,1.38,1.445,1.047
0,229,251214-DSM-Airway-s0-v19-ROI-88,345,345000,1.237959495,663,80.00006346,102.4432767,109.5438722,89.1149652,0.813509358,0.85915493,0.958753583,123,663,MM,,,,,,,,,,,,,1.029,1.264,1.227
0,230,251214-DSM-Airway-s0-v19-ROI-72,346,346000,1.690299821,321,69.99971447,117.5216478,131.5120981,76.55131033,0.58208569,0.913461538,0.914759888,139,322,MM,,,,,,,,,,,,,1.32,1.673,1.268
0,231,251214-DSM-Airway-s0-v19-ROI-91,347,347000,1.238505666,532,80.00006346,103.9141573,113.5626501,98.20463444,0.864761736,0.940594059,0.931472214,120,533,MM,,,,,,,,,,,,,1.015,1.269,1.251
0,232,251214-DSM-Airway-s0-v19-ROI-159,348,348000,2.714568294,629,70.00016922,124.6008121,151.3256816,82.72845429,0.546691437,0.896414343,0.776306863,52,630,MG,,,,,,,,,,,,,1.918,2.255,1.176
0,233,251214-DSM-Airway-s0-v19-ROI-65,350,350000,1.301270401,281,80.00006346,107.2524282,117.8979757,86.87271294,0.736846518,0.87962963,0.95913459,146,280,MM,,,,,,,,,,,,,1.149,1.298,1.13
0,234,251214-DSM-Airway-s0-v19-ROI-161,354,354000,2.00856097,725,80.7061072,115.2961459,142.3700765,85.94287781,0.603658296,0.938596491,0.858791803,50,725,MG,,,,,,,,,,,,,1.573,1.841,1.17
0,235,251214-DSM-Airway-s0-v19-ROI-18,361,361000,1.560977596,361,84.59725492,111.8553473,121.6536436,82.95346572,0.681882295,0.913419913,0.85397795,193,362,MT,,,,,,,,,,,,,1.27,1.547,1.218
0,236,251214-DSM-Airway-s0-v19-ROI-28,362,362000,1.352519035,459,80.00006346,107.5720642,115.7581851,90.38356357,0.780796308,0.927884615,0.964775623,183,461,MD,,,,,,,,,,,,,1.137,1.364,1.2
0,237,251214-DSM-Airway-s0-v19-ROI-46,366,366000,2.975458277,498,77.78220958,134.1871398,162.788393,81.48837526,0.500578535,0.916666667,0.788379902,165,499,MM,,,,,,,,,,,,,1.991,2.435,1.223
0,238,251214-DSM-Airway-s0-v19-ROI-82,368,368000,1.580868187,668,79.99960872,108.1615398,123.6928363,81.55374991,0.659324762,0.903669725,0.933193751,129,667,MM,,,,,,,,,,,,,1.431,1.486,1.038
0,239,251214-DSM-Airway-s0-v19-ROI-98,370,370000,1.647255053,375,77.78220958,106.598227,130.2413551,78.33751813,0.6014796,0.907258065,0.847921183,113,377,MG,,,,,,,,,,,,,1.183,1.75,1.479
0,240,251214-DSM-Airway-s0-v19-ROI-42,370,370000,1.215230648,647,80.00006346,105.3177778,111.8001492,98.06851963,0.877177001,0.899521531,0.961587118,169,647,MD,,,,,,,,,,,,,1.128,1.209,1.073
0,241,251214-DSM-Airway-s0-v19-ROI-75,373,373000,1.395640049,432,79.99960872,109.9386245,120.8252724,85.42356099,0.707000773,0.913242009,0.937228804,136,432,MM,,,,,,,,,,,,,1.159,1.407,1.214
0,242,251214-DSM-Airway-s0-v19-ROI-128,374,374000,1.87262138,578,80.00006346,118.3013043,131.526403,79.46548986,0.604178994,0.906666667,0.92192117,83,576,MM,,,,,,,,,,,,,1.397,1.84,1.317
0,243,251214-DSM-Airway-s0-v19-ROI-61,375,375000,1.080326999,281,89.99995771,101.8658804,114.2993059,97.31808749,0.851432007,0.900943396,0.967137436,150,280,MM,,,,,,,,,,,,,1.037,1.08,1.041
0,244,251214-DSM-Airway-s0-v19-ROI-63,378,378000,1.453253437,284,82.41369012,109.1026814,124.4791053,86.35838203,0.693758055,0.903669725,0.955239332,148,285,MM,,,,,,,,,,,,,1.24,1.435,1.157
0,245,251214-DSM-Airway-s0-v19-ROI-81,387,387000,2.006989595,649,69.99971447,127.4348212,140.7010708,79.43858082,0.56459116,0.935622318,0.864019133,130,648,MM,,,,,,,,,,,,,1.391,2.046,1.472
0,246,251214-DSM-Airway-s0-v19-ROI-91,394,394000,1.308254864,533,85.14475182,100.0564985,114.2989738,97.57854781,0.853713245,0.879310345,0.951709426,120,533,MM,,,,,,,,,,,,,1.206,1.288,1.068
0,247,251214-DSM-Airway-s0-v19-ROI-15,400,400000,1.519211046,347,79.99994978,119.9543555,134.8992682,85.02508478,0.630285738,0.93385214,0.825640485,196,346,MT,,,,,,,,,,,,,1.087,1.646,1.514
0,248,251214-DSM-Airway-s0-v19-ROI-47,401,401000,1.428584024,588,80.00006346,107.2956385,115.7581463,83.41183194,0.720569866,0.936363636,0.951572024,164,588,MD,,,,,,,,,,,,,1.991,2.435,1.223
0,249,251214-DSM-Airway-s0-v19-ROI-35,401,401000,1.479321231,457,80.00006346,112.8272638,124.4934156,90.23748888,0.724837442,0.935483871,0.951764885,176,460,MD,,,,,,,,,,,,,1.271,1.45,1.141
0,250,251214-DSM-Airway-s0-v19-ROI-156,403,403000,1.76023415,439,80.00006346,114.9200732,127.2778917,88.9770453,0.699076989,0.883534137,0.887774012,55,440,MG,,,,,,,,,,,,,1.366,1.723,1.261
0,251,251214-DSM-Airway-s0-v19-ROI-79,404,404000,1.511320265,508,80.00006346,113.8806645,127.2741882,91.74795687,0.720868529,0.928251121,0.950762867,132,508,MM,,,,,,,,,,,,,1.318,1.463,1.11
0,252,251214-DSM-Airway-s0-v19-ROI-115,405,405000,1.356147516,492,80.00006346,107.5225698,116.6175698,88.16870081,0.75604989,0.957943925,0.949019464,96,491,MM,,,,,,,,,,,,,1.137,1.368,1.203
0,253,251214-DSM-Airway-s0-v19-ROI-17,408,408000,2.149961756,358,69.99999869,122.3569633,150.1817854,79.03156531,0.526239351,0.951219512,0.827066971,194,357,MT,,,,,,,,,,,,,1.611,1.965,1.22
0,254,251214-DSM-Airway-s0-v19-ROI-123,408,408000,1.441574904,541,80.00000662,114.507513,125.2976933,82.66081725,0.659715395,0.906122449,0.890264246,88,542,MT,,,,,,,,,,,,,1.167,1.461,1.251
0,255,251214-DSM-Airway-s0-v19-ROI-80,414,414000,1.266661727,527,89.99995771,109.9577311,118.3041994,90.04062834,0.761094101,0.911504425,0.974040978,131,526,MM,,,,,,,,,,,,,1.154,1.259,1.091
0,256,251214-DSM-Airway-s0-v19-ROI-29,414,414000,2.264767494,471,76.66890711,128.8580146,148.6606107,91.54838965,0.615821428,0.937728938,0.794766326,182,470,MD,,,,,,,,,,,,,1.423,2.457,1.728
0,257,251214-DSM-Airway-s0-v19-ROI-35,419,419000,1.922081217,463,80.49724317,120.3038497,137.4726825,83.2288327,0.605420882,0.892430279,0.905167785,176,460,MD,,,,,,,,,,,,,1.435,1.865,1.3
0,258,251214-DSM-Airway-s0-v19-ROI-125,422,422000,4.203303157,330,80.48184738,158.4387161,184.9208313,81.27575221,0.439516476,0.871621622,0.77668266,86,330,MG,,,,,,,,,,,,,2.577,2.849,1.106
0,259,251214-DSM-Airway-s0-v19-ROI-148,426,426000,2.198409483,365,70.00016922,110.6516825,148.6605143,72.50733349,0.487737674,0.884615385,0.882215952,63,364,MM,,,,,,,,,,,,,1.555,2.088,1.343
0,260,251214-DSM-Airway-s0-v19-ROI-127,427,427000,2.27942369,288,84.28215601,118.1824834,144.5083257,88.32091543,0.611182193,0.873684211,0.847152019,84,287,MG,,,,,,,,,,,,,1.752,1.977,1.128
0,261,251214-DSM-Airway-s0-v19-ROI-199,428,428000,1.655537178,558,89.99995771,120.7213623,139.9941965,93.97602679,0.671285161,0.874509804,0.916132906,12,558,MD,,,,,,,,,,,,,1.429,1.561,1.092
0,262,251214-DSM-Airway-s0-v19-ROI-94,429,429000,1.453076987,453,80.00006346,119.0381556,126.8731768,82.49230045,0.650194963,0.93442623,0.909056831,117,452,MG,,,,,,,,,,,,,1.101,1.524,1.384
0,263,251214-DSM-Airway-s0-v19-ROI-38,435,435000,1.617403046,529,80.00006346,117.8155207,129.9996312,100.8499122,0.775770756,0.912863071,0.921713698,173,530,MD,,,,,,,,,,,,,1.339,1.57,1.173
0,264,251214-DSM-Airway-s0-v19-ROI-10,437,437000,8.27234461,296,70.00005553,178.5467101,218.4003248,72.12840451,0.330257771,0.883435583,0.693281702,201,296,MT,,,,,,,,,,,,,3.617,4.315,1.193
0,265,251214-DSM-Airway-s0-v19-ROI-6,438,438000,3.464907887,274,84.99828592,117.7933821,145.6003304,92.05896279,0.632271661,0.856687898,0.774683945,205,274,MT,,,,,,,,,,,,,2.368,2.487,1.05
0,266,251214-DSM-Airway-s0-v19-ROI-154,438,438000,2.372807921,417,94.92046784,142.8996031,160.2957937,80.25825411,0.50068846,0.889240506,0.769915185,57,415,MG,,,,,,,,,,,,,1.443,2.639,1.828
0,267,251214-DSM-Airway-s0-v19-ROI-130,439,439000,1.450117796,541,94.7093493,113.2375057,129.588056,89.36193688,0.68958467,0.918918919,0.867924046,81,542,MG,,,,,,,,,,,,,1.266,1.42,1.122
0,268,251214-DSM-Airway-s0-v19-ROI-19,439,439000,4.155069854,377,89.72525856,153.147713,211.1035505,92.88995207,0.440020795,0.844011142,0.685295762,192,377,MT,,,,,,,,,,,,,2.523,2.87,1.138
0,269,251214-DSM-Airway-s0-v19-ROI-137,441,441000,1.53136268,734,79.99999241,121.4728012,137.4397397,88.55219997,0.644298368,0.878787879,0.876634884,74,735,MT,,,,,,,,,,,,,1.242,1.528,1.23
0,270,251214-DSM-Airway-s0-v19-ROI-75,443,443000,1.832354431,432,87.66348978,118.2233067,133.4166537,89.18396757,0.668462033,0.897435897,0.885076524,136,432,MM,,,,,,,,,,,,,1.385,1.8,1.3
0,271,251214-DSM-Airway-s0-v19-ROI-3,450,450000,1.504797472,411,90.23204176,116.3365229,148.6582668,95.58492277,0.642984241,0.9,0.829234843,208,410,MG,,,,,,,,,,,,,1.144,1.565,1.367
0,272,251214-DSM-Airway-s0-v19-ROI-117,451,451000,1.854619616,541,88.2687876,125.7222539,143.1767316,90.58087055,0.632650777,0.897233202,0.921912787,94,540,MM,,,,,,,,,,,,,1.482,1.743,1.176
0,273,251214-DSM-Airway-s0-v19-ROI-41,451,451000,1.653147888,632,84.85320261,105.6214177,125.1430657,96.68875934,0.772625785,0.901960784,0.937357507,170,631,MM,,,,,,,,,,,,,1.474,1.537,1.043
0,274,251214-DSM-Airway-s0-v19-ROI-85,452,452000,1.848177472,719,80.03519565,126.9531753,139.2833554,84.5178011,0.606804746,0.944852941,0.829865335,126,719,MM,,,,,,,,,,,,,1.273,1.97,1.548
0,275,251214-DSM-Airway-s0-v19-ROI-87,460,460000,1.44912586,739,85.08956501,113.9958376,130.3044719,85.50641845,0.656204789,0.949152542,0.893166486,124,739,MM,,,,,,,,,,,,,1.07,1.545,1.444
0,276,251214-DSM-Airway-s0-v19-ROI-113,462,462000,2.479698716,451,89.98382028,158.1782334,179.7221909,67.05542907,0.373106007,0.865814696,0.769676009,98,453,MM,,,,,,,,,,,,,1.413,3.096,2.192
0,277,251214-DSM-Airway-s0-v19-ROI-17,465,465000,1.69763156,356,89.99995771,115.3325741,142.1246182,91.84632005,0.646237937,0.922222222,0.868610615,194,357,MT,,,,,,,,,,,,,1.336,1.669,1.249
0,278,251214-DSM-Airway-s0-v19-ROI-41,466,466000,1.396095152,631,91.92419564,110.7710848,124.0670043,100.4682274,0.809790064,0.927125506,0.952630722,170,631,MM,,,,,,,,,,,,,1.241,1.371,1.105
0,279,251214-DSM-Airway-s0-v19-ROI-15,475,475000,1.376093519,345,90.0000714,121.7557313,136.7352063,107.3759634,0.785283953,0.949275362,0.850933334,196,346,MT,,,,,,,,,,,,,1.242,1.349,1.087
0,280,251214-DSM-Airway-s0-v19-ROI-58,477,477000,1.564634029,253,87.41856658,111.9007469,139.2782611,89.99995771,0.64618812,0.935849057,0.864428544,153,255,MM,,,,,,,,,,,,,1.326,1.518,1.145
0,281,251214-DSM-Airway-s0-v19-ROI-96,481,481000,1.668157226,414,89.40848493,115.4456367,136.3158931,89.82495547,0.658947049,0.928057554,0.875566051,115,413,MG,,,,,,,,,,,,,1.234,1.724,1.397
0,282,251214-DSM-Airway-s0-v19-ROI-100,481,481000,2.10309159,373,70.00016922,134.3079999,166.4330194,71.03311153,0.426796989,0.914473684,0.78705404,111,375,MG,,,,,,,,,,,,,1.295,2.477,1.912
0,283,251214-DSM-Airway-s0-v19-ROI-144,487,487000,2.453653101,647,80.00006346,162.5338075,182.7559264,63.78084895,0.348994696,0.854700855,0.727181855,67,646,MM,,,,,,,,,,,,,1.395,3.111,2.229
0,284,251214-DSM-Airway-s0-v19-ROI-26,491,491000,1.411259639,430,85.0554624,120.6687277,130.3775109,94.09248692,0.721692616,0.909747292,0.90119068,185,433,MD,,,,,,,,,,,,,1.301,1.353,1.04
0,285,251214-DSM-Airway-s0-v19-ROI-141,495,495000,1.656625045,399,80.00006346,123.9188548,136.0147574,88.24183972,0.648766659,0.917562724,0.875981331,70,397,MG,,,,,,,,,,,,,1.255,1.685,1.342
0,286,251214-DSM-Airway-s0-v19-ROI-128,499,499000,2.319662059,574,79.99915397,137.8587346,156.843412,86.84740548,0.553720455,0.891304348,0.911277885,83,576,MM,,,,,,,,,,,,,1.684,2.083,1.237
0,287,251214-DSM-Airway-s0-v19-ROI-7,502,502000,1.501947177,289,94.10539683,126.2355431,137.4596429,98.55376254,0.71696507,0.921985816,0.87968011,204,289,MT,,,,,,,,,,,,,1.281,1.471,1.148
0,288,251214-DSM-Airway-s0-v19-ROI-8,503,503000,2.334490705,291,86.01842406,131.3385737,158.1130932,91.73243652,0.580169768,0.920886076,0.776598223,203,290,MT,,,,,,,,,,,,,1.499,2.398,1.599
0,289,251214-DSM-Airway-s0-v19-ROI-29,504,504000,1.793355524,469,89.99995771,124.878716,142.4670251,92.83455786,0.651621368,0.914179104,0.937221772,182,470,MD,,,,,,,,,,,,,1.478,1.678,1.135
0,290,251214-DSM-Airway-s0-v19-ROI-12,506,506000,1.667732918,328,89.08557609,132.8232901,153.9809231,92.02255506,0.59762309,0.964516129,0.763735512,199,328,MT,,,,,,,,,,,,,1.126,1.877,1.667
0,291,251214-DSM-Airway-s0-v19-ROI-97,508,508000,1.589100575,404,98.07334595,130.6056258,143.5208211,93.95442567,0.654639689,0.914089347,0.878606609,114,407,MG,,,,,,,,,,,,,1.141,1.704,1.493
0,292,251214-DSM-Airway-s0-v19-ROI-140,512,512000,1.664083006,590,88.63987865,126.5356443,141.7726626,89.56471946,0.631748871,0.895683453,0.921467355,71,590,MT,,,,,,,,,,,,,1.368,1.606,1.175
0,293,251214-DSM-Airway-s0-v19-ROI-120,517,517000,2.472908519,535,91.20451372,141.319419,160.6080093,86.58760472,0.539123828,0.879084967,0.876561502,91,532,MG,,,,,,,,,,,,,1.904,2.041,1.072
0,294,251214-DSM-Airway-s0-v19-ROI-118,518,518000,3.148886379,553,89.99995771,165.2573789,187.0831036,78.79416187,0.421171984,0.883233533,0.770324006,93,554,MM,,,,,,,,,,,,,1.994,2.617,1.313
0,295,251214-DSM-Airway-s0-v19-ROI-81,525,525000,1.571504581,647,89.99995771,127.0690747,134.906517,105.0081919,0.778377459,0.909090909,0.925180293,130,648,MM,,,,,,,,,,,,,1.281,1.553,1.213
0,296,251214-DSM-Airway-s0-v19-ROI-30,527,527000,1.504164187,470,80.00006346,124.0819765,141.4133815,87.83535569,0.621124782,0.911877395,0.945594136,181,472,MD,,,,,,,,,,,,,1.104,1.601,1.45
0,297,251214-DSM-Airway-s0-v19-ROI-60,530,530000,2.024000404,277,72.01556268,131.4674127,160.9184419,74.88672537,0.465370684,0.923322684,0.79255321,151,277,MM,,,,,,,,,,,,,1.259,2.39,1.898
0,298,251214-DSM-Airway-s0-v19-ROI-30,530,530000,1.574751749,473,88.25660695,131.0696085,142.4677219,103.211158,0.724452926,0.918149466,0.889385339,181,472,MD,,,,,,,,,,,,,1.387,1.498,1.08
0,299,251214-DSM-Airway-s0-v19-ROI-34,536,536000,1.792422568,493,93.91508208,133.3305419,142.0679014,91.39957534,0.643351344,0.885245902,0.898955335,177,490,MD,,,,,,,,,,,,,1.327,1.805,1.36
0,300,251214-DSM-Airway-s0-v19-ROI-61,538,538000,1.203011866,279,98.10157169,118.2360151,133.7836923,106.3100123,0.794641039,0.90647482,0.935140117,150,280,MM,,,,,,,,,,,,,1.065,1.211,1.137
0,301,251214-DSM-Airway-s0-v19-ROI-58,544,544000,1.547902438,256,80.00006346,118.7876306,129.9998771,104.5431466,0.804178811,0.937269373,0.921051582,153,255,MM,,,,,,,,,,,,,1.303,1.512,1.161
0,302,251214-DSM-Airway-s0-v19-ROI-197,544,544000,1.764678111,343,80.00006346,138.8176857,153.9404139,84.385236,0.548168177,0.894736842,0.869229372,14,344,MM,,,,,,,,,,,,,1.178,1.983,1.684
0,303,251214-DSM-Airway-s0-v19-ROI-85,547,547000,1.66151871,719,80.00006346,128.0648092,144.5425258,103.9814713,0.719383246,0.952898551,0.913051916,126,719,MM,,,,,,,,,,,,,1.249,1.698,1.36
0,304,251214-DSM-Airway-s0-v19-ROI-148,549,549000,2.313077565,364,85.64952855,123.5482827,158.1086949,84.58609641,0.534987,0.900311526,0.842007291,63,364,MM,,,,,,,,,,,,,1.591,2.192,1.378
0,305,251214-DSM-Airway-s0-v19-ROI-49,552,552000,1.868222868,587,91.924477,123.8381927,149.9981874,106.013009,0.706761934,0.887878788,0.829083584,162,588,DT,,,,,,,,,,,,,1.514,1.734,1.146
0,306,251214-DSM-Airway-s0-v19-ROI-115,553,553000,1.590693073,490,99.99985195,125.3301024,139.2578733,90.37921098,0.649006113,0.903333333,0.892357873,96,491,MM,,,,,,,,,,,,,1.165,1.679,1.441
0,307,251214-DSM-Airway-s0-v19-ROI-25,553,553000,1.82112601,436,80.00006346,121.4556499,136.0144889,91.47729834,0.672555542,0.927444795,0.850625027,186,433,MD,,,,,,,,,,,,,1.255,1.685,1.342
0,308,251214-DSM-Airway-s0-v19-ROI-123,554,554000,1.426548815,543,89.99995771,130.4418714,142.467331,102.8465674,0.721895796,0.954385965,0.885135049,88,542,MT,,,,,,,,,,,,,1.172,1.438,1.227
0,309,251214-DSM-Airway-s0-v19-ROI-43,556,556000,1.929367702,690,80.00006346,141.0578814,163.09038,95.67525549,0.586639479,0.895104895,0.918489568,168,691,MD,,,,,,,,,,,,,1.56,1.767,1.132
0,310,251214-DSM-Airway-s0-v19-ROI-6,561,561000,3.566176249,274,69.99971447,127.1936439,182.4786717,79.95640045,0.43816847,0.873655914,0.752494789,205,274,MT,,,,,,,,,,,,,2.069,2.984,1.442
0,311,251214-DSM-Airway-s0-v19-ROI-181,561,561000,1.950866616,598,76.02629528,136.2733745,166.4332105,90.61832801,0.544472631,0.896341463,0.815826802,30,599,DT,,,,,,,,,,,,,1.218,2.33,1.912
0,312,251214-DSM-Airway-s0-v19-ROI-10,566,566000,5.157146392,297,85.88135731,181.8888983,218.6210938,84.83893706,0.388063821,0.875675676,0.744432401,201,296,MT,,,,,,,,,,,,,2.8,3.313,1.183
0,313,251214-DSM-Airway-s0-v19-ROI-120,567,567000,1.916890926,529,89.33603313,136.7424426,158.1025607,90.38435373,0.571681783,0.914556962,0.85726945,91,532,MG,,,,,,,,,,,,,1.442,1.852,1.284
0,314,251214-DSM-Airway-s0-v19-ROI-66,568,568000,1.96830841,299,80.00006346,124.3867935,147.9762337,110.20415,0.744742228,0.947552448,0.862085095,145,298,MM,,,,,,,,,,,,,1.42,1.946,1.37
0,315,251214-DSM-Airway-s0-v19-ROI-140,570,570000,1.766268349,590,79.9999782,129.3933291,150.3323514,81.48020348,0.542000459,0.913461538,0.853972817,71,590,MT,,,,,,,,,,,,,1.336,1.759,1.317
0,316,251214-DSM-Airway-s0-v19-ROI-99,571,571000,1.536012027,387,96.6263798,133.3229098,146.2873821,108.673098,0.742874036,0.907936508,0.851493652,112,385,MG,,,,,,,,,,,,,1.331,1.484,1.115
0,317,251214-DSM-Airway-s0-v19-ROI-111,573,573000,1.995987424,418,90.00018508,138.5357671,151.6443816,84.51176027,0.557302284,0.909698997,0.906151381,100,417,MM,,,,,,,,,,,,,1.48,1.913,1.292
0,318,251214-DSM-Airway-s0-v19-ROI-118,575,575000,2.674467829,555,94.32411517,153.9847903,174.6416337,92.83335398,0.531564851,0.915360502,0.84284544,93,554,MM,,,,,,,,,,,,,1.98,2.161,1.091
0,319,251214-DSM-Airway-s0-v19-ROI-155,576,576000,1.243495421,445,89.99995771,125.2893532,136.0049332,108.6715607,0.79902661,0.941780822,0.883495818,56,446,MG,,,,,,,,,,,,,1.012,1.277,1.262
0,320,251214-DSM-Airway-s0-v19-ROI-129,581,581000,8.078284417,388,79.24877497,227.6694897,268.6507875,80.8990244,0.301130792,0.865248227,0.69302234,82,387,MG,,,,,,,,,,,,,3.457,4.452,1.288
0,321,251214-DSM-Airway-s0-v19-ROI-50,588,588000,2.006034093,661,91.9244971,134.9910484,158.4272191,91.2090913,0.575716041,0.906060606,0.869588439,161,662,DT,,,,,,,,,,,,,1.499,1.906,1.271
0,322,251214-DSM-Airway-s0-v19-ROI-114,589,589000,1.778840084,452,80.00006346,130.687973,151.6455626,80.16019201,0.528602292,0.930379747,0.859821936,97,451,MM,,,,,,,,,,,,,1.173,2.026,1.728
0,323,251214-DSM-Airway-s0-v19-ROI-125,592,592000,5.163746598,331,87.77311486,184.060638,216.0143823,87.38872674,0.404550502,0.868632708,0.783870433,86,330,MG,,,,,,,,,,,,,2.789,3.334,1.195
0,324,251214-DSM-Airway-s0-v19-ROI-8,594,594000,1.756569094,289,90.0000714,136.2344784,153.896138,100.0701412,0.650244655,0.93768546,0.794660056,203,290,MT,,,,,,,,,,,,,1.316,1.766,1.342
0,325,251214-DSM-Airway-s0-v19-ROI-67,595,595000,3.002658071,309,70.00016922,141.6024848,172.6262008,79.37370567,0.459801034,0.909090909,0.71172525,144,308,MM,,,,,,,,,,,,,1.727,3.022,1.75
0,326,251214-DSM-Airway-s0-v19-ROI-19,599,599000,4.0158724,377,95.12259694,171.0951261,216.0729813,95.88914778,0.443781297,0.887218045,0.748669717,192,377,MT,,,,,,,,,,,,,2.387,2.921,1.224
0,327,251214-DSM-Airway-s0-v19-ROI-144,608,608000,2.594627473,645,80.00006346,164.900048,188.1372192,86.56922428,0.460138747,0.938202247,0.758432169,67,646,MM,,,,,,,,,,,,,1.538,2.822,1.835
0,328,251214-DSM-Airway-s0-v19-ROI-117,611,611000,2.516926515,538,98.10157169,147.1428723,166.4294763,91.78330163,0.551484651,0.863501484,0.893552548,94,540,MM,,,,,,,,,,,,,1.868,2.11,1.129
0,329,251214-DSM-Airway-s0-v19-ROI-25,613,613000,1.516604015,431,89.44299342,125.761043,136.3789021,101.1289851,0.741529544,0.902821317,0.922177944,186,433,MD,,,,,,,,,,,,,1.173,1.558,1.329
0,330,251214-DSM-Airway-s0-v19-ROI-111,618,618000,2.734074814,415,98.99518867,169.8101918,197.2263995,101.1184519,0.512702418,0.911290323,0.760376717,100,417,MM,,,,,,,,,,,,,1.937,2.255,1.164
0,331,251214-DSM-Airway-s0-v19-ROI-64,618,618000,3.570170215,287,75.17504198,163.4798234,203.9604743,86.05367676,0.421913496,0.862155388,0.757469554,147,288,MM,,,,,,,,,,,,,2.002,3.156,1.576
0,332,251214-DSM-Airway-s0-v19-ROI-197,619,619000,1.982593885,344,89.99995771,153.5113266,170.2933654,88.32840629,0.518683779,0.940298507,0.827182948,14,344,MM,,,,,,,,,,,,,1.33,2.113,1.589
0,333,251214-DSM-Airway-s0-v19-ROI-51,622,622000,1.261541176,654,99.99999939,128.8499094,139.5874619,109.5124694,0.78454374,0.964516129,0.883706752,160,654,DT,,,,,,,,,,,,,1.102,1.268,1.151
0,334,251214-DSM-Airway-s0-v19-ROI-27,628,628000,1.722973703,446,89.98382028,132.4666238,145.9335417,90.25402651,0.618459783,0.87804878,0.91565967,184,448,MD,,,,,,,,,,,,,1.345,1.694,1.259
0,335,251214-DSM-Airway-s0-v19-ROI-129,629,629000,5.188320861,386,83.86126187,193.0851425,229.3442528,91.86062793,0.400535993,0.85,0.745222313,82,387,MG,,,,,,,,,,,,,2.764,3.389,1.226
0,336,251214-DSM-Airway-s0-v19-ROI-39,638,638000,1.275458959,549,98.99518867,125.173648,131.5265431,113.0801841,0.859751814,0.903225806,0.96052844,172,550,MM,,,,,,,,,,,,,1.474,1.537,1.043
0,337,251214-DSM-Airway-s0-v19-ROI-199,639,639000,1.958983686,558,89.99995771,131.4378821,145.5999888,92.11382223,0.632649927,0.916943522,0.925470452,12,558,MD,,,,,,,,,,,,,1.588,1.778,1.12
0,338,251214-DSM-Airway-s0-v19-ROI-95,644,644000,2.835049102,486,89.99995771,160.4933138,181.6416119,96.58671403,0.531743321,0.919881306,0.86932369,116,486,MG,,,,,,,,,,,,,2.057,2.237,1.087
0,339,251214-DSM-Airway-s0-v19-ROI-101,644,644000,1.557370743,362,89.99995771,134.5300848,152.5275036,98.91232473,0.648488452,0.926380368,0.881072685,110,361,MG,,,,,,,,,,,,,1.182,1.61,1.363
0,340,251214-DSM-Airway-s0-v19-ROI-100,646,646000,2.789881898,376,89.0858437,139.4894302,177.2355747,101.5577562,0.573009997,0.903133903,0.837404539,111,375,MG,,,,,,,,,,,,,1.861,2.403,1.291
0,341,251214-DSM-Airway-s0-v19-ROI-39,649,649000,1.61549588,551,91.92483875,134.0672262,149.6476322,111.3534406,0.744104259,0.932907348,0.93269251,172,550,MM,,,,,,,,,,,,,1.415,1.527,1.079
0,342,251214-DSM-Airway-s0-v19-ROI-57,649,649000,3.946112329,269,94.6726014,182.2680258,212.7996209,85.0112268,0.39948956,0.847593583,0.823938519,154,267,MM,,,,,,,,,,,,,2.292,2.997,1.308
0,343,251214-DSM-Airway-s0-v19-ROI-86,662,662000,3.916249446,710,80.00006346,190.689348,221.1260126,105.6405489,0.47773913,0.934673367,0.709119863,125,708,MM,,,,,,,,,,,,,2.012,3.744,1.861
0,344,251214-DSM-Airway-s0-v19-ROI-200,667,667000,5.601406569,328,83.98752732,201.8057103,253.1689179,86.25233647,0.34069086,0.82815735,0.72579492,11,327,MM,,,,,,,,,,,,,2.773,3.735,1.347
0,345,251214-DSM-Airway-s0-v19-ROI-66,667,667000,1.786116944,297,87.3749831,134.6404128,155.391419,100.2539507,0.645170443,0.922839506,0.897365435,145,298,MM,,,,,,,,,,,,,1.322,1.802,1.363
0,346,251214-DSM-Airway-s0-v19-ROI-31,674,674000,2.207268497,466,95.3148792,166.2649028,187.0827655,81.04535001,0.433205858,0.903225806,0.74147045,180,464,MD,,,,,,,,,,,,,1.33,2.635,1.981
0,347,251214-DSM-Airway-s0-v19-ROI-113,682,682000,3.103273014,454,92.10132192,171.2473948,201.208442,75.93053938,0.377372533,0.888297872,0.817389583,98,453,MM,,,,,,,,,,,,,1.863,2.807,1.507
0,348,251214-DSM-Airway-s0-v19-ROI-24,685,685000,3.899086278,412,70.30440065,189.5243235,226.4941882,67.86620637,0.299637739,0.912037037,0.704896303,187,409,MD,,,,,,,,,,,,,1.943,4.096,2.108
0,349,251214-DSM-Airway-s0-v19-ROI-34,695,695000,1.594706282,488,99.99985195,139.7062114,156.813167,99.56688351,0.634939561,0.914454277,0.930149777,177,490,MD,,,,,,,,,,,,,1.354,1.537,1.135
0,350,251214-DSM-Airway-s0-v19-ROI-107,711,711000,3.178865822,364,99.99985195,158.9618113,206.1538202,99.56203418,0.482950227,0.871794872,0.790052843,104,363,MM,,,,,,,,,,,,,2.03,2.597,1.279
0,351,251214-DSM-Airway-s0-v19-ROI-141,718,718000,1.881731516,395,78.79148997,144.0731213,175.4834297,79.3507829,0.452183907,0.965517241,0.77530865,70,397,MG,,,,,,,,,,,,,1.164,2.321,1.993
0,352,251214-DSM-Airway-s0-v19-ROI-26,747,747000,1.452723603,435,98.38717074,137.516944,152.9198385,102.3949972,0.669599172,0.903896104,0.853782306,185,433,MD,,,,,,,,,,,,,1.064,1.556,1.463
0,353,251214-DSM-Airway-s0-v19-ROI-102,756,756000,1.731020402,355,98.99486712,142.0911867,158.111362,108.9205572,0.688885073,0.930952381,0.780819669,109,355,MG,,,,,,,,,,,,,1.227,1.834,1.494
0,354,251214-DSM-Airway-s0-v19-ROI-138,758,758000,1.841128366,656,90.00001455,149.1793918,166.7277484,105.7992687,0.634563051,0.917553191,0.838159111,73,657,MT,,,,,,,,,,,,,1.26,1.978,1.57
0,355,251214-DSM-Airway-s0-v19-ROI-98,777,777000,1.817025513,378,85.40044362,144.0529543,171.7947692,86.87571771,0.505694778,0.921568627,0.835447719,113,377,MG,,,,,,,,,,,,,1.163,2.142,1.842
0,356,251214-DSM-Airway-s0-v19-ROI-109,784,784000,2.486936943,399,116.2755254,178.212149,198.7232306,96.2836899,0.484511497,0.876456876,0.815358628,102,398,MM,,,,,,,,,,,,,1.578,2.486,1.576
0,357,251214-DSM-Airway-s0-v19-ROI-126,793,793000,3.23531837,290,77.72937203,185.6152408,271.9810767,81.01439018,0.297867746,0.886051081,0.668749645,85,292,MM,,,,,,,,,,,,,1.691,3.851,2.277
0,358,251214-DSM-Airway-s0-v19-ROI-21,827,827000,1.965264387,393,88.63978527,148.3387158,161.5532907,88.46977499,0.547619764,0.909738717,0.803039526,190,395,MD,,,,,,,,,,,,,1.243,2.288,1.84
0,359,251214-DSM-Airway-s0-v19-ROI-179,828,828000,1.847194418,376,78.0206451,156.3296719,179.3498202,78.82638189,0.439511909,0.94188862,0.797043963,32,374,MD,,,,,,,,,,,,,1.117,2.401,2.151
0,360,251214-DSM-Airway-s0-v19-ROI-5,830,830000,4.06445472,269,99.99985195,198.8533045,260.7668213,100.7513559,0.386365702,0.873180873,0.751543192,206,267,MT,,,,,,,,,,,,,2.396,2.953,1.233
0,361,251214-DSM-Airway-s0-v19-ROI-181,842,842000,1.910323149,599,91.32335508,149.8666229,190.0611496,88.14561568,0.463775032,0.942477876,0.735101257,30,599,DT,,,,,,,,,,,,,1.16,2.43,2.095
0,362,251214-DSM-Airway-s0-v19-ROI-97,880,880000,2.144401959,409,120.0000952,174.0208854,198.200473,103.9441509,0.524439469,0.923595506,0.824107242,114,407,MG,,,,,,,,,,,,,1.377,2.326,1.69
0,363,251214-DSM-Airway-s0-v19-ROI-86,887,887000,3.887447263,707,89.99995771,197.251616,224.041493,79.83675597,0.35634808,0.995680346,0.711981192,125,708,MM,,,,,,,,,,,,,1.983,3.825,1.929
0,364,251214-DSM-Airway-s0-v19-ROI-57,894,894000,3.758227068,265,89.99995771,190.8638378,231.6934249,89.45714576,0.386101357,0.906818182,0.828454006,154,267,MM,,,,,,,,,,,,,2.456,2.632,1.072
0,365,251214-DSM-Airway-s0-v19-ROI-101,902,902000,1.882818081,361,98.386764,164.8037241,187.0824739,95.08917237,0.50827408,0.94,0.811987545,110,361,MG,,,,,,,,,,,,,1.255,2.07,1.649
0,366,251214-DSM-Airway-s0-v19-ROI-53,911,911000,4.95161087,728,107.5633723,207.8009143,262.4630431,109.0675295,0.415553856,0.863799283,0.70558797,158,730,MT,,,,,,,,,,,,,2.799,3.161,1.129
0,367,251214-DSM-Airway-s0-v19-ROI-102,929,929000,2.115400608,355,91.9245172,143.8782178,172.0467268,132.077544,0.767684143,0.966367713,0.813891745,109,355,MG,,,,,,,,,,,,,1.26,1.978,1.57
0,368,251214-DSM-Airway-s0-v19-ROI-16,930,930000,2.825265147,355,86.45067368,156.2386808,199.9974001,111.7114272,0.558564397,0.925690021,0.776400302,195,355,MT,,,,,,,,,,,,,1.7,2.77,1.63
0,369,251214-DSM-Airway-s0-v19-ROI-95,933,933000,2.022036276,487,110.0002009,167.2547109,182.7562249,108.0878735,0.591431966,0.927312775,0.843500517,116,486,MG,,,,,,,,,,,,,1.408,2.043,1.451
0,370,251214-DSM-Airway-s0-v19-ROI-138,951,951000,1.882472137,659,98.07358049,160.5839576,182.7559075,102.7007693,0.561955948,0.926829268,0.809400133,73,657,MT,,,,,,,,,,,,,1.262,2.055,1.628
0,371,251214-DSM-Airway-s0-v19-ROI-200,989,989000,4.136470159,327,106.0661817,215.9449123,286.1352519,109.7923491,0.383707874,0.85786802,0.733950411,11,327,MM,,,,,,,,,,,,,2.444,2.951,1.208
0,372,251214-DSM-Airway-s0-v19-ROI-99,1048,1048000,2.475869996,384,102.3100582,181.0327938,216.0941313,102.8921773,0.476145172,0.926923077,0.77275589,112,385,MG,,,,,,,,,,,,,1.502,2.674,1.78
0,373,251214-DSM-Airway-s0-v19-ROI-13,1082,1082000,3.189391416,334,119.2332788,200.311799,231.9227596,107.1702788,0.462094703,0.911985019,0.77959195,198,334,MT,,,,,,,,,,,,,2,2.654,1.327
0,374,251214-DSM-Airway-s0-v19-ROI-49,1090,1090000,1.5679956,588,98.34818951,177.0433994,195.1886951,106.1740253,0.543955813,0.897920605,0.797493134,162,588,DT,,,,,,,,,,,,,1.036,1.825,1.761
0,375,251214-DSM-Airway-s0-v19-ROI-24,1106,1106000,3.025499176,407,105.0483743,191.2762338,234.7835598,105.2642511,0.44834592,0.941509434,0.776650505,187,409,MD,,,,,,,,,,,,,1.89,2.644,1.399
0,376,251214-DSM-Airway-s0-v19-ROI-16,1158,1158000,1.748771935,355,100.1005129,158.3814314,183.8443674,109.17347,0.59383636,0.942486085,0.774536395,195,355,MT,,,,,,,,,,,,,1.103,2.133,1.935
0,377,251214-DSM-Airway-s0-v19-ROI-179,1173,1173000,2.183643416,373,101.7552088,156.5329841,188.6644599,129.7124549,0.687529887,0.937875752,0.83167648,32,374,MD,,,,,,,,,,,,,1.543,2.084,1.35
0,378,251214-DSM-Airway-s0-v19-ROI-23,1174,1174000,1.561721115,254,116.9720579,161.3837512,182.7417818,119.7066515,0.655059014,0.925343811,0.846947206,188,251,MM,,,,,,,,,,,,,1.153,1.645,1.427
0,379,251214-DSM-Airway-s0-v19-ROI-2,1222,1222000,1.600996122,337,107.3313481,163.8651397,179.1381803,121.8093815,0.679974427,0.928721174,0.916191023,209,336,MM,,,,,,,,,,,,,1.14,1.726,1.515
0,380,251214-DSM-Airway-s0-v19-ROI-108,1235,1235000,2.086459376,388,100.0007614,170.2720821,196.2257991,130.6166102,0.66564443,0.891013384,0.875561221,103,387,MM,,,,,,,,,,,,,1.401,2.161,1.543
0,381,251214-DSM-Airway-s0-v19-ROI-2,1240,1240000,1.763074788,336,102.3100582,164.6893358,180.5538756,112.5680845,0.623459807,0.917808219,0.88668531,209,336,MM,,,,,,,,,,,,,1.202,1.934,1.609
0,382,251214-DSM-Airway-s0-v19-ROI-23,1286,1286000,1.831147354,249,105.1070656,158.0922234,202.2346418,109.7538221,0.54270535,0.970037453,0.802850107,188,251,MM,,,,,,,,,,,,,1.26,1.96,1.555
0,383,251214-DSM-Airway-s0-v19-ROI-109,1290,1290000,2.294426872,397,109.9997462,192.9818041,224.9359371,112.7661488,0.501325623,0.916512059,0.85012299,102,398,MM,,,,,,,,,,,,,1.509,2.307,1.529
0,384,251214-DSM-Airway-s0-v19-ROI-124,1376,1376000,4.057400585,348,95.35882733,216.8059057,265.5446405,103.7862841,0.390843076,0.8864,0.791193506,87,349,MG,,,,,,,,,,,,,2.26,3.18,1.407
0,385,251214-DSM-Airway-s0-v19-ROI-31,1446,1446000,2.002669475,463,113.0011671,178.9176313,208.8453736,131.5049591,0.62967619,0.942446043,0.863756268,180,464,MD,,,,,,,,,,,,,1.354,2.102,1.553
0,386,251214-DSM-Airway-s0-v19-ROI-36,1468,1468000,2.163592437,417,90.00041246,192.4038006,235.371886,101.2904058,0.43034199,0.985148515,0.750541589,175,417,MD,,,,,,,,,,,,,1.287,2.698,2.097
0,387,251214-DSM-Airway-s0-v19-ROI-107,1476,1476000,2.220058398,362,110.0006557,182.6170472,214.0073205,108.8914616,0.5088212,0.923623446,0.88216568,104,363,MM,,,,,,,,,,,,,1.533,2.149,1.402
0,388,251214-DSM-Airway-s0-v19-ROI-5,1602,1602000,4.518848572,266,118.6878004,220.8100525,299.6506977,142.7771636,0.476478662,0.867574257,0.685939778,206,267,MT,,,,,,,,,,,,,2.393,3.424,1.431
0,389,251214-DSM-Airway-s0-v19-ROI-210,1608,1608000,5.029677526,408,107.3311447,256.0631572,305.891538,106.4785114,0.348092373,0.88252149,0.78889944,1,410,MD,,,,,,,,,,,,,2.741,3.293,1.201
0,390,251214-DSM-Airway-s0-v19-ROI-108,1668,1668000,2.133252169,387,99.99985195,182.7415927,216.3028208,104.3614377,0.482478395,0.95042735,0.874749501,103,387,MM,,,,,,,,,,,,,1.411,2.225,1.576
0,391,251214-DSM-Airway-s0-v19-ROI-21,1684,1684000,1.960261781,396,97.52558462,189.4622984,223.1054944,104.6494986,0.469058366,0.968515742,0.7707917,190,395,MD,,,,,,,,,,,,,1.202,2.419,2.013
0,392,251214-DSM-Airway-s0-v19-ROI-210,1717,1717000,3.811197159,412,116.2755254,259.2659848,305.4317753,107.890231,0.353238398,0.888130969,0.78730325,1,410,MD,,,,,,,,,,,,,2.191,3.033,1.385
0,393,251214-DSM-Airway-s0-v19-ROI-92,1719,1719000,1.688930988,344,150.0002327,214.6922068,227.3309299,131.0927006,0.576660205,0.909574468,0.756559695,119,346,MM,,,,,,,,,,,,,1.108,1.961,1.769
0,394,251214-DSM-Airway-s0-v19-ROI-59,1761,1761000,1.620234799,274,111.046205,190.5159142,207.1157312,114.6920191,0.553758125,0.929121726,0.866375627,152,272,MM,,,,,,,,,,,,,1.131,1.773,1.567
0,395,251214-DSM-Airway-s0-v19-ROI-59,1797,1797000,1.946445067,271,114.2823266,183.4955888,228.1967002,121.864638,0.534033305,0.951359084,0.79025554,152,272,MM,,,,,,,,,,,,,1.295,2.114,1.633
0,396,251214-DSM-Airway-s0-v19-ROI-36,1828,1828000,2.55896672,417,109.9997462,192.8066973,244.1173506,112.1413596,0.459374802,0.962209302,0.796948837,175,417,MD,,,,,,,,,,,,,1.63,2.488,1.526
0,397,251214-DSM-Airway-s0-v19-ROI-37,1842,1842000,3.035641373,401,152.0106027,239.2361624,267.3934797,133.6236099,0.499726508,0.87804878,0.793079302,174,399,MD,,,,,,,,,,,,,1.897,2.644,1.393
0,398,251214-DSM-Airway-s0-v19-ROI-53,1916,1916000,3.923416191,730,110.0000304,236.7528193,316.8091121,119.5046929,0.37721356,0.91875,0.733426864,158,730,MT,,,,,,,,,,,,,2.211,3.125,1.414
0,399,251214-DSM-Airway-s0-v19-ROI-198,1929,1929000,2.639124068,428,98.04555329,235.1552287,278.0222508,108.5050542,0.390274713,0.946347032,0.696687243,13,425,MD,,,,,,,,,,,,,1.431,3.64,2.545
0,400,251214-DSM-Airway-s0-v19-ROI-92,1945,1945000,1.878602986,348,119.9996404,224.4310189,249.1472301,117.4264243,0.471313385,0.911764706,0.772797759,119,346,MM,,,,,,,,,,,,,1.17,2.289,1.956
0,401,251214-DSM-Airway-s0-v19-ROI-124,1948,1948000,4.189689023,350,113.5194976,237.0988398,307.276387,113.6888085,0.369988757,0.914110429,0.754965451,87,349,MG,,,,,,,,,,,,,2.394,3.074,1.284
0,402,251214-DSM-Airway-s0-v19-ROI-37,1962,1962000,1.665875202,397,139.1377794,195.5130476,213.9744681,114.1828401,0.53362834,0.932080925,0.887042383,174,399,MD,,,,,,,,,,,,,1.113,1.898,1.706
0,403,251214-DSM-Airway-s0-v19-ROI-126,2030,2030000,7.856518583,292,97.42969675,307.0504482,460.9972017,117.3609938,0.254580708,0.8311229,0.613783016,85,292,MM,,,,,,,,,,,,,3.007,5.699,1.895
0,404,251214-DSM-Airway-s0-v19-ROI-93,2043,2043000,6.055541161,441,98.99551023,282.0018012,367.2475854,107.2360079,0.291999218,0.881922675,0.701013972,118,443,MG,,,,,,,,,,,,,2.708,4.416,1.631
0,405,251214-DSM-Airway-s0-v19-ROI-20,2214,2214000,2.864350294,402,137.0500193,268.0900128,304.7414216,121.3844464,0.398319486,0.955835962,0.685746313,191,401,MD,,,,,,,,,,,,,1.711,2.809,1.642
0,406,251214-DSM-Airway-s0-v19-ROI-105,2371,2371000,4.785279225,357,119.6237015,263.4332786,331.6218234,110.1001385,0.332005106,0.87620064,0.764821602,106,355,MM,,,,,,,,,,,,,2.405,3.721,1.547
0,407,251214-DSM-Airway-s0-v19-ROI-56,2429,2429000,4.755248635,257,120.0000952,259.7760322,341.3165683,136.4392979,0.399744139,0.86302682,0.705978195,155,255,MM,,,,,,,,,,,,,2.357,3.83,1.625
0,408,251214-DSM-Airway-s0-v19-ROI-20,2453,2453000,2.6453536,401,129.9995347,256.2491951,286.1682319,122.6819833,0.428705809,0.9056806,0.785644717,191,401,MD,,,,,,,,,,,,,1.595,2.735,1.715
0,409,251214-DSM-Airway-s0-v19-ROI-105,2612,2612000,5.082263967,354,119.0559922,258.1929935,337.8868253,134.7000104,0.398654225,0.883399209,0.746083029,106,355,MM,,,,,,,,,,,,,2.485,3.871,1.558
0,410,251214-DSM-Airway-s0-v19-ROI-56,2716,2716000,4.472251574,254,117.57901,238.5045243,337.3388986,117.3700617,0.347929225,0.909433962,0.725553253,155,255,MM,,,,,,,,,,,,,2.303,3.599,1.563
0,411,251214-DSM-Airway-s0-v19-ROI-4,2744,2744000,5.607185191,253,136.8401834,213.8216632,330.0000344,163.0779895,0.494175674,0.891129032,0.649660396,207,252,MT,,,,,,,,,,,,,2.743,3.804,1.387
0,412,251214-DSM-Airway-s0-v19-ROI-119,2832,2832000,2.453413965,315,116.2755254,284.4598561,325.720593,106.88016,0.328134488,0.92469352,0.686281877,92,315,MM,,,,,,,,,,,,,1.323,3.802,2.873
0,413,251214-DSM-Airway-s0-v19-ROI-198,3215,3215000,1.75938775,422,141.2157113,235.0924456,266.2651972,162.4785184,0.610213126,0.956855225,0.797360923,13,425,MD,,,,,,,,,,,,,1.14,2.056,1.803
0,414,251214-DSM-Airway-s0-v19-ROI-4,3370,3370000,4.711794397,252,131.9318442,233.4417253,322.7953924,150.2080149,0.465335065,0.961133603,0.693358007,207,252,MT,,,,,,,,,,,,,2.407,3.622,1.505
0,415,251214-DSM-Airway-s0-v19-ROI-93,3445,3445000,4.744034208,445,134.3504754,331.1460601,420.1880059,124.1468843,0.295455564,0.921072226,0.681481973,118,443,MG,,,,,,,,,,,,,2.235,4.354,1.948
0,416,251214-DSM-Airway-s0-v19-ROI-103,3907,3907000,2.304318047,352,130.6249366,279.5616972,366.1994373,135.4506705,0.369882246,0.960797799,0.664758657,108,352,MM,,,,,,,,,,,,,1.293,3.239,2.505
0,417,251214-DSM-Airway-s0-v19-ROI-103,4035,4035000,1.98155893,353,117.9122864,265.944916,320.7350354,126.5715928,0.394629769,0.917333333,0.684605941,108,352,MM,,,,,,,,,,,,,1.088,3.408,3.133
0,418,251214-DSM-Airway-s0-v19-ROI-119,4128,4128000,2.683853066,315,138.1919853,301.3221911,347.259296,131.6350456,0.379068457,0.924630925,0.77426235,92,315,MM,,,,,,,,,,,,,1.521,3.139,2.063
